"","name","base_experience","height","weight","species","type_primary","type_secondary","speed_base","speed_effort","special-defense_base","special-defense_effort","special-attack_base","special-attack_effort","defense_base","defense_effort","attack_base","attack_effort","hp_base","hp_effort","is_legendary"
"1","bulbasaur",64,7,69,"bulbasaur","poison","grass",45,0,65,0,65,1,49,0,49,0,45,0,FALSE
"2","ivysaur",142,10,130,"ivysaur","poison","grass",60,0,80,1,80,1,63,0,62,0,60,0,FALSE
"3","venusaur",236,20,1000,"venusaur","poison","grass",80,0,100,1,100,2,83,0,82,0,80,0,FALSE
"4","charmander",62,6,85,"charmander","fire",NA,65,1,50,0,60,0,43,0,52,0,39,0,FALSE
"5","charmeleon",142,11,190,"charmeleon","fire",NA,80,1,65,0,80,1,58,0,64,0,58,0,FALSE
"6","charizard",240,17,905,"charizard","flying","fire",100,0,85,0,109,3,78,0,84,0,78,0,FALSE
"7","squirtle",63,5,90,"squirtle","water",NA,43,0,64,0,50,0,65,1,48,0,44,0,FALSE
"8","wartortle",142,10,225,"wartortle","water",NA,58,0,80,1,65,0,80,1,63,0,59,0,FALSE
"9","blastoise",239,16,855,"blastoise","water",NA,78,0,105,3,85,0,100,0,83,0,79,0,FALSE
"10","caterpie",39,3,29,"caterpie","bug",NA,45,0,20,0,20,0,35,0,30,0,45,1,FALSE
"11","metapod",72,7,99,"metapod","bug",NA,30,0,25,0,25,0,55,2,20,0,50,0,FALSE
"12","butterfree",178,11,320,"butterfree","flying","bug",70,0,80,1,90,2,50,0,45,0,60,0,FALSE
"13","weedle",39,3,32,"weedle","poison","bug",50,1,20,0,20,0,30,0,35,0,40,0,FALSE
"14","kakuna",72,6,100,"kakuna","poison","bug",35,0,25,0,25,0,50,2,25,0,45,0,FALSE
"15","beedrill",178,10,295,"beedrill","poison","bug",75,0,80,1,45,0,40,0,90,2,65,0,FALSE
"16","pidgey",50,3,18,"pidgey","flying","normal",56,1,35,0,35,0,40,0,45,0,40,0,FALSE
"17","pidgeotto",122,11,300,"pidgeotto","flying","normal",71,2,50,0,50,0,55,0,60,0,63,0,FALSE
"18","pidgeot",216,15,395,"pidgeot","flying","normal",101,3,70,0,70,0,75,0,80,0,83,0,FALSE
"19","rattata",51,3,35,"rattata","normal",NA,72,1,35,0,25,0,35,0,56,0,30,0,FALSE
"20","raticate",145,7,185,"raticate","normal",NA,97,2,70,0,50,0,60,0,81,0,55,0,FALSE
"21","spearow",52,3,20,"spearow","flying","normal",70,1,31,0,31,0,30,0,60,0,40,0,FALSE
"22","fearow",155,12,380,"fearow","flying","normal",100,2,61,0,61,0,65,0,90,0,65,0,FALSE
"23","ekans",58,20,69,"ekans","poison",NA,55,0,54,0,40,0,44,0,60,1,35,0,FALSE
"24","arbok",157,35,650,"arbok","poison",NA,80,0,79,0,65,0,69,0,95,2,60,0,FALSE
"25","pikachu",112,4,60,"pikachu","electric",NA,90,2,50,0,50,0,40,0,55,0,35,0,FALSE
"26","raichu",218,8,300,"raichu","electric",NA,110,3,80,0,90,0,55,0,90,0,60,0,FALSE
"27","sandshrew",60,6,120,"sandshrew","ground",NA,40,0,30,0,20,0,85,1,75,0,50,0,FALSE
"28","sandslash",158,10,295,"sandslash","ground",NA,65,0,55,0,45,0,110,2,100,0,75,0,FALSE
"29","nidoran-f",55,4,70,"nidoran-f","poison",NA,41,0,40,0,40,0,52,0,47,0,55,1,FALSE
"30","nidorina",128,8,200,"nidorina","poison",NA,56,0,55,0,55,0,67,0,62,0,70,2,FALSE
"31","nidoqueen",227,13,600,"nidoqueen","ground","poison",76,0,85,0,75,0,87,0,92,0,90,3,FALSE
"32","nidoran-m",55,5,90,"nidoran-m","poison",NA,50,0,40,0,40,0,40,0,57,1,46,0,FALSE
"33","nidorino",128,9,195,"nidorino","poison",NA,65,0,55,0,55,0,57,0,72,2,61,0,FALSE
"34","nidoking",227,14,620,"nidoking","ground","poison",85,0,75,0,85,0,77,0,102,3,81,0,FALSE
"35","clefairy",113,6,75,"clefairy","fairy",NA,35,0,65,0,60,0,48,0,45,0,70,2,FALSE
"36","clefable",217,13,400,"clefable","fairy",NA,60,0,90,0,95,0,73,0,70,0,95,3,FALSE
"37","vulpix",60,6,99,"vulpix","fire",NA,65,1,65,0,50,0,40,0,41,0,38,0,FALSE
"38","ninetales",177,11,199,"ninetales","fire",NA,100,1,100,1,81,0,75,0,76,0,73,0,FALSE
"39","jigglypuff",95,5,55,"jigglypuff","fairy","normal",20,0,25,0,45,0,20,0,45,0,115,2,FALSE
"40","wigglytuff",196,10,120,"wigglytuff","fairy","normal",45,0,50,0,85,0,45,0,70,0,140,3,FALSE
"41","zubat",49,8,75,"zubat","flying","poison",55,1,40,0,30,0,35,0,45,0,40,0,FALSE
"42","golbat",159,16,550,"golbat","flying","poison",90,2,75,0,65,0,70,0,80,0,75,0,FALSE
"43","oddish",64,5,54,"oddish","poison","grass",30,0,65,0,75,1,55,0,50,0,45,0,FALSE
"44","gloom",138,8,86,"gloom","poison","grass",40,0,75,0,85,2,70,0,65,0,60,0,FALSE
"45","vileplume",221,12,186,"vileplume","poison","grass",50,0,90,0,110,3,85,0,80,0,75,0,FALSE
"46","paras",57,3,54,"paras","grass","bug",25,0,55,0,45,0,55,0,70,1,35,0,FALSE
"47","parasect",142,10,295,"parasect","grass","bug",30,0,80,0,60,0,80,1,95,2,60,0,FALSE
"48","venonat",61,10,300,"venonat","poison","bug",45,0,55,1,40,0,50,0,55,0,60,0,FALSE
"49","venomoth",158,15,125,"venomoth","poison","bug",90,1,75,0,90,1,60,0,65,0,70,0,FALSE
"50","diglett",53,2,8,"diglett","ground",NA,95,1,45,0,35,0,25,0,55,0,10,0,FALSE
"51","dugtrio",149,7,333,"dugtrio","ground",NA,120,2,70,0,50,0,50,0,100,0,35,0,FALSE
"52","meowth",58,4,42,"meowth","normal",NA,90,1,40,0,40,0,35,0,45,0,40,0,FALSE
"53","persian",154,10,320,"persian","normal",NA,115,2,65,0,65,0,60,0,70,0,65,0,FALSE
"54","psyduck",64,8,196,"psyduck","water",NA,55,0,50,0,65,1,48,0,52,0,50,0,FALSE
"55","golduck",175,17,766,"golduck","water",NA,85,0,80,0,95,2,78,0,82,0,80,0,FALSE
"56","mankey",61,5,280,"mankey","fighting",NA,70,0,45,0,35,0,35,0,80,1,40,0,FALSE
"57","primeape",159,10,320,"primeape","fighting",NA,95,0,70,0,60,0,60,0,105,2,65,0,FALSE
"58","growlithe",70,7,190,"growlithe","fire",NA,60,0,50,0,70,0,45,0,70,1,55,0,FALSE
"59","arcanine",194,19,1550,"arcanine","fire",NA,95,0,80,0,100,0,80,0,110,2,90,0,FALSE
"60","poliwag",60,6,124,"poliwag","water",NA,90,1,40,0,40,0,40,0,50,0,40,0,FALSE
"61","poliwhirl",135,10,200,"poliwhirl","water",NA,90,2,50,0,50,0,65,0,65,0,65,0,FALSE
"62","poliwrath",230,13,540,"poliwrath","fighting","water",70,0,90,0,70,0,95,3,95,0,90,0,FALSE
"63","abra",62,9,195,"abra","psychic",NA,90,0,55,0,105,1,15,0,20,0,25,0,FALSE
"64","kadabra",140,13,565,"kadabra","psychic",NA,105,0,70,0,120,2,30,0,35,0,40,0,FALSE
"65","alakazam",225,15,480,"alakazam","psychic",NA,120,0,95,0,135,3,45,0,50,0,55,0,FALSE
"66","machop",61,8,195,"machop","fighting",NA,35,0,35,0,35,0,50,0,80,1,70,0,FALSE
"67","machoke",142,15,705,"machoke","fighting",NA,45,0,60,0,50,0,70,0,100,2,80,0,FALSE
"68","machamp",227,16,1300,"machamp","fighting",NA,55,0,85,0,65,0,80,0,130,3,90,0,FALSE
"69","bellsprout",60,7,40,"bellsprout","poison","grass",40,0,30,0,70,0,35,0,75,1,50,0,FALSE
"70","weepinbell",137,10,64,"weepinbell","poison","grass",55,0,45,0,85,0,50,0,90,2,65,0,FALSE
"71","victreebel",221,17,155,"victreebel","poison","grass",70,0,70,0,100,0,65,0,105,3,80,0,FALSE
"72","tentacool",67,9,455,"tentacool","poison","water",70,0,100,1,50,0,35,0,40,0,40,0,FALSE
"73","tentacruel",180,16,550,"tentacruel","poison","water",100,0,120,2,80,0,65,0,70,0,80,0,FALSE
"74","geodude",60,4,200,"geodude","ground","rock",20,0,30,0,30,0,100,1,80,0,40,0,FALSE
"75","graveler",137,10,1050,"graveler","ground","rock",35,0,45,0,45,0,115,2,95,0,55,0,FALSE
"76","golem",223,14,3000,"golem","ground","rock",45,0,65,0,55,0,130,3,120,0,80,0,FALSE
"77","ponyta",82,10,300,"ponyta","fire",NA,90,1,65,0,65,0,55,0,85,0,50,0,FALSE
"78","rapidash",175,17,950,"rapidash","fire",NA,105,2,80,0,80,0,70,0,100,0,65,0,FALSE
"79","slowpoke",63,12,360,"slowpoke","psychic","water",15,0,40,0,40,0,65,0,65,0,90,1,FALSE
"80","slowbro",172,16,785,"slowbro","psychic","water",30,0,80,0,100,0,110,2,75,0,95,0,FALSE
"81","magnemite",65,3,60,"magnemite","steel","electric",45,0,55,0,95,1,70,0,35,0,25,0,FALSE
"82","magneton",163,10,600,"magneton","steel","electric",70,0,70,0,120,2,95,0,60,0,50,0,FALSE
"83","farfetchd",132,8,150,"farfetchd","flying","normal",60,0,62,0,58,0,55,0,90,1,52,0,FALSE
"84","doduo",62,14,392,"doduo","flying","normal",75,0,35,0,35,0,45,0,85,1,35,0,FALSE
"85","dodrio",165,18,852,"dodrio","flying","normal",110,0,60,0,60,0,70,0,110,2,60,0,FALSE
"86","seel",65,11,900,"seel","water",NA,45,0,70,1,45,0,55,0,45,0,65,0,FALSE
"87","dewgong",166,17,1200,"dewgong","ice","water",70,0,95,2,70,0,80,0,70,0,90,0,FALSE
"88","grimer",65,9,300,"grimer","poison",NA,25,0,50,0,40,0,50,0,80,0,80,1,FALSE
"89","muk",175,12,300,"muk","poison",NA,50,0,100,0,65,0,75,0,105,1,105,1,FALSE
"90","shellder",61,3,40,"shellder","water",NA,40,0,25,0,45,0,100,1,65,0,30,0,FALSE
"91","cloyster",184,15,1325,"cloyster","ice","water",70,0,45,0,85,0,180,2,95,0,50,0,FALSE
"92","gastly",62,13,1,"gastly","poison","ghost",80,0,35,0,100,1,30,0,35,0,30,0,FALSE
"93","haunter",142,16,1,"haunter","poison","ghost",95,0,55,0,115,2,45,0,50,0,45,0,FALSE
"94","gengar",225,15,405,"gengar","poison","ghost",110,0,75,0,130,3,60,0,65,0,60,0,FALSE
"95","onix",77,88,2100,"onix","ground","rock",70,0,45,0,30,0,160,1,45,0,35,0,FALSE
"96","drowzee",66,10,324,"drowzee","psychic",NA,42,0,90,1,43,0,45,0,48,0,60,0,FALSE
"97","hypno",169,16,756,"hypno","psychic",NA,67,0,115,2,73,0,70,0,73,0,85,0,FALSE
"98","krabby",65,4,65,"krabby","water",NA,50,0,25,0,25,0,90,0,105,1,30,0,FALSE
"99","kingler",166,13,600,"kingler","water",NA,75,0,50,0,50,0,115,0,130,2,55,0,FALSE
"100","voltorb",66,5,104,"voltorb","electric",NA,100,1,55,0,55,0,50,0,30,0,40,0,FALSE
"101","electrode",172,12,666,"electrode","electric",NA,150,2,80,0,80,0,70,0,50,0,60,0,FALSE
"102","exeggcute",65,4,25,"exeggcute","psychic","grass",40,0,45,0,60,0,80,1,40,0,60,0,FALSE
"103","exeggutor",186,20,1200,"exeggutor","psychic","grass",55,0,75,0,125,2,85,0,95,0,95,0,FALSE
"104","cubone",64,4,65,"cubone","ground",NA,35,0,50,0,40,0,95,1,50,0,50,0,FALSE
"105","marowak",149,10,450,"marowak","ground",NA,45,0,80,0,50,0,110,2,80,0,60,0,FALSE
"106","hitmonlee",159,15,498,"hitmonlee","fighting",NA,87,0,110,0,35,0,53,0,120,2,50,0,FALSE
"107","hitmonchan",159,14,502,"hitmonchan","fighting",NA,76,0,110,2,35,0,79,0,105,0,50,0,FALSE
"108","lickitung",77,12,655,"lickitung","normal",NA,30,0,75,0,60,0,75,0,55,0,90,2,FALSE
"109","koffing",68,6,10,"koffing","poison",NA,35,0,45,0,60,0,95,1,65,0,40,0,FALSE
"110","weezing",172,12,95,"weezing","poison",NA,60,0,70,0,85,0,120,2,90,0,65,0,FALSE
"111","rhyhorn",69,10,1150,"rhyhorn","rock","ground",25,0,30,0,30,0,95,1,85,0,80,0,FALSE
"112","rhydon",170,19,1200,"rhydon","rock","ground",40,0,45,0,45,0,120,0,130,2,105,0,FALSE
"113","chansey",395,11,346,"chansey","normal",NA,50,0,105,0,35,0,5,0,5,0,250,2,FALSE
"114","tangela",87,10,350,"tangela","grass",NA,60,0,40,0,100,0,115,1,55,0,65,0,FALSE
"115","kangaskhan",172,22,800,"kangaskhan","normal",NA,90,0,80,0,40,0,80,0,95,0,105,2,FALSE
"116","horsea",59,4,80,"horsea","water",NA,60,0,25,0,70,1,70,0,40,0,30,0,FALSE
"117","seadra",154,12,250,"seadra","water",NA,85,0,45,0,95,1,95,1,65,0,55,0,FALSE
"118","goldeen",64,6,150,"goldeen","water",NA,63,0,50,0,35,0,60,0,67,1,45,0,FALSE
"119","seaking",158,13,390,"seaking","water",NA,68,0,80,0,65,0,65,0,92,2,80,0,FALSE
"120","staryu",68,8,345,"staryu","water",NA,85,1,55,0,70,0,55,0,45,0,30,0,FALSE
"121","starmie",182,11,800,"starmie","psychic","water",115,2,85,0,100,0,85,0,75,0,60,0,FALSE
"122","mr-mime",161,13,545,"mr-mime","fairy","psychic",90,0,120,2,100,0,65,0,45,0,40,0,FALSE
"123","scyther",100,15,560,"scyther","flying","bug",105,0,80,0,55,0,80,0,110,1,70,0,FALSE
"124","jynx",159,14,406,"jynx","psychic","ice",95,0,95,0,115,2,35,0,50,0,65,0,FALSE
"125","electabuzz",172,11,300,"electabuzz","electric",NA,105,2,85,0,95,0,57,0,83,0,65,0,FALSE
"126","magmar",173,13,445,"magmar","fire",NA,93,0,85,0,100,2,57,0,95,0,65,0,FALSE
"127","pinsir",175,15,550,"pinsir","bug",NA,85,0,70,0,55,0,100,0,125,2,65,0,FALSE
"128","tauros",172,14,884,"tauros","normal",NA,110,1,70,0,40,0,95,0,100,1,75,0,FALSE
"129","magikarp",40,9,100,"magikarp","water",NA,80,1,20,0,15,0,55,0,10,0,20,0,FALSE
"130","gyarados",189,65,2350,"gyarados","flying","water",81,0,100,0,60,0,79,0,125,2,95,0,FALSE
"131","lapras",187,25,2200,"lapras","ice","water",60,0,95,0,85,0,80,0,85,0,130,2,FALSE
"132","ditto",101,3,40,"ditto","normal",NA,48,0,48,0,48,0,48,0,48,0,48,1,FALSE
"133","eevee",65,3,65,"eevee","normal",NA,55,0,65,1,45,0,50,0,55,0,55,0,FALSE
"134","vaporeon",184,10,290,"vaporeon","water",NA,65,0,95,0,110,0,60,0,65,0,130,2,FALSE
"135","jolteon",184,8,245,"jolteon","electric",NA,130,2,95,0,110,0,60,0,65,0,65,0,FALSE
"136","flareon",184,9,250,"flareon","fire",NA,65,0,110,0,95,0,60,0,130,2,65,0,FALSE
"137","porygon",79,8,365,"porygon","normal",NA,40,0,75,0,85,1,70,0,60,0,65,0,FALSE
"138","omanyte",71,4,75,"omanyte","water","rock",35,0,55,0,90,0,100,1,40,0,35,0,FALSE
"139","omastar",173,10,350,"omastar","water","rock",55,0,70,0,115,0,125,2,60,0,70,0,FALSE
"140","kabuto",71,5,115,"kabuto","water","rock",55,0,45,0,55,0,90,1,80,0,30,0,FALSE
"141","kabutops",173,13,405,"kabutops","water","rock",80,0,70,0,65,0,105,0,115,2,60,0,FALSE
"142","aerodactyl",180,18,590,"aerodactyl","flying","rock",130,2,75,0,60,0,65,0,105,0,80,0,FALSE
"143","snorlax",189,21,4600,"snorlax","normal",NA,30,0,110,0,65,0,65,0,110,0,160,2,FALSE
"144","articuno",261,17,554,"articuno","flying","ice",85,0,125,3,95,0,100,0,85,0,90,0,TRUE
"145","zapdos",261,16,526,"zapdos","flying","electric",100,0,90,0,125,3,85,0,90,0,90,0,TRUE
"146","moltres",261,20,600,"moltres","flying","fire",90,0,85,0,125,3,90,0,100,0,90,0,TRUE
"147","dratini",60,18,33,"dratini","dragon",NA,50,0,50,0,50,0,45,0,64,1,41,0,FALSE
"148","dragonair",147,40,165,"dragonair","dragon",NA,70,0,70,0,70,0,65,0,84,2,61,0,FALSE
"149","dragonite",270,22,2100,"dragonite","flying","dragon",80,0,100,0,100,0,95,0,134,3,91,0,FALSE
"150","mewtwo",306,20,1220,"mewtwo","psychic",NA,130,0,90,0,154,3,90,0,110,0,106,0,TRUE
"151","mew",270,4,40,"mew","psychic",NA,100,0,100,0,100,0,100,0,100,0,100,3,TRUE
"152","chikorita",64,9,64,"chikorita","grass",NA,45,0,65,1,49,0,65,0,49,0,45,0,FALSE
"153","bayleef",142,12,158,"bayleef","grass",NA,60,0,80,1,63,0,80,1,62,0,60,0,FALSE
"154","meganium",236,18,1005,"meganium","grass",NA,80,0,100,2,83,0,100,1,82,0,80,0,FALSE
"155","cyndaquil",62,5,79,"cyndaquil","fire",NA,65,1,50,0,60,0,43,0,52,0,39,0,FALSE
"156","quilava",142,9,190,"quilava","fire",NA,80,1,65,0,80,1,58,0,64,0,58,0,FALSE
"157","typhlosion",240,17,795,"typhlosion","fire",NA,100,0,85,0,109,3,78,0,84,0,78,0,FALSE
"158","totodile",63,6,95,"totodile","water",NA,43,0,48,0,44,0,64,0,65,1,50,0,FALSE
"159","croconaw",142,11,250,"croconaw","water",NA,58,0,63,0,59,0,80,1,80,1,65,0,FALSE
"160","feraligatr",239,23,888,"feraligatr","water",NA,78,0,83,0,79,0,100,1,105,2,85,0,FALSE
"161","sentret",43,8,60,"sentret","normal",NA,20,0,45,0,35,0,34,0,46,1,35,0,FALSE
"162","furret",145,18,325,"furret","normal",NA,90,2,55,0,45,0,64,0,76,0,85,0,FALSE
"163","hoothoot",52,7,212,"hoothoot","flying","normal",50,0,56,0,36,0,30,0,30,0,60,1,FALSE
"164","noctowl",158,16,408,"noctowl","flying","normal",70,0,96,0,86,0,50,0,50,0,100,2,FALSE
"165","ledyba",53,10,108,"ledyba","flying","bug",55,0,80,1,40,0,30,0,20,0,40,0,FALSE
"166","ledian",137,14,356,"ledian","flying","bug",85,0,110,2,55,0,50,0,35,0,55,0,FALSE
"167","spinarak",50,5,85,"spinarak","poison","bug",30,0,40,0,40,0,40,0,60,1,40,0,FALSE
"168","ariados",140,11,335,"ariados","poison","bug",40,0,70,0,60,0,70,0,90,2,70,0,FALSE
"169","crobat",241,18,750,"crobat","flying","poison",130,3,80,0,70,0,80,0,90,0,85,0,FALSE
"170","chinchou",66,5,120,"chinchou","electric","water",67,0,56,0,56,0,38,0,38,0,75,1,FALSE
"171","lanturn",161,12,225,"lanturn","electric","water",67,0,76,0,76,0,58,0,58,0,125,2,FALSE
"172","pichu",41,3,20,"pichu","electric",NA,60,1,35,0,35,0,15,0,40,0,20,0,FALSE
"173","cleffa",44,3,30,"cleffa","fairy",NA,15,0,55,1,45,0,28,0,25,0,50,0,FALSE
"174","igglybuff",42,3,10,"igglybuff","fairy","normal",15,0,20,0,40,0,15,0,30,0,90,1,FALSE
"175","togepi",49,3,15,"togepi","fairy",NA,20,0,65,1,40,0,65,0,20,0,35,0,FALSE
"176","togetic",142,6,32,"togetic","flying","fairy",40,0,105,2,80,0,85,0,40,0,55,0,FALSE
"177","natu",64,2,20,"natu","flying","psychic",70,0,45,0,70,1,45,0,50,0,40,0,FALSE
"178","xatu",165,15,150,"xatu","flying","psychic",95,1,70,0,95,1,70,0,75,0,65,0,FALSE
"179","mareep",56,6,78,"mareep","electric",NA,35,0,45,0,65,1,40,0,40,0,55,0,FALSE
"180","flaaffy",128,8,133,"flaaffy","electric",NA,45,0,60,0,80,2,55,0,55,0,70,0,FALSE
"181","ampharos",230,14,615,"ampharos","electric",NA,55,0,90,0,115,3,85,0,75,0,90,0,FALSE
"182","bellossom",221,4,58,"bellossom","grass",NA,50,0,100,3,90,0,95,0,80,0,75,0,FALSE
"183","marill",88,4,85,"marill","fairy","water",40,0,50,0,20,0,50,0,20,0,70,2,FALSE
"184","azumarill",189,8,285,"azumarill","fairy","water",50,0,80,0,60,0,80,0,50,0,100,3,FALSE
"185","sudowoodo",144,12,380,"sudowoodo","rock",NA,30,0,65,0,30,0,115,2,100,0,70,0,FALSE
"186","politoed",225,11,339,"politoed","water",NA,70,0,100,3,90,0,75,0,75,0,90,0,FALSE
"187","hoppip",50,4,5,"hoppip","flying","grass",50,0,55,1,35,0,40,0,35,0,35,0,FALSE
"188","skiploom",119,6,10,"skiploom","flying","grass",80,2,65,0,45,0,50,0,45,0,55,0,FALSE
"189","jumpluff",207,8,30,"jumpluff","flying","grass",110,3,95,0,55,0,70,0,55,0,75,0,FALSE
"190","aipom",72,8,115,"aipom","normal",NA,85,1,55,0,40,0,55,0,70,0,55,0,FALSE
"191","sunkern",36,3,18,"sunkern","grass",NA,30,0,30,0,30,1,30,0,30,0,30,0,FALSE
"192","sunflora",149,8,85,"sunflora","grass",NA,30,0,85,0,105,2,55,0,75,0,75,0,FALSE
"193","yanma",78,12,380,"yanma","flying","bug",95,1,45,0,75,0,45,0,65,0,65,0,FALSE
"194","wooper",42,4,85,"wooper","ground","water",15,0,25,0,25,0,45,0,45,0,55,1,FALSE
"195","quagsire",151,14,750,"quagsire","ground","water",35,0,65,0,65,0,85,0,85,0,95,2,FALSE
"196","espeon",184,9,265,"espeon","psychic",NA,110,0,95,0,130,2,60,0,65,0,65,0,FALSE
"197","umbreon",184,10,270,"umbreon","dark",NA,65,0,130,2,60,0,110,0,65,0,95,0,FALSE
"198","murkrow",81,5,21,"murkrow","flying","dark",91,1,42,0,85,0,42,0,85,0,60,0,FALSE
"199","slowking",172,20,795,"slowking","psychic","water",30,0,110,3,100,0,80,0,75,0,95,0,FALSE
"200","misdreavus",87,7,10,"misdreavus","ghost",NA,85,0,85,1,85,0,60,0,60,0,60,0,FALSE
"201","unown",118,5,50,"unown","psychic",NA,48,0,48,0,72,1,48,0,72,1,48,0,FALSE
"202","wobbuffet",142,13,285,"wobbuffet","psychic",NA,33,0,58,0,33,0,58,0,33,0,190,2,FALSE
"203","girafarig",159,15,415,"girafarig","psychic","normal",85,0,65,0,90,2,65,0,80,0,70,0,FALSE
"204","pineco",58,6,72,"pineco","bug",NA,15,0,35,0,35,0,90,1,65,0,50,0,FALSE
"205","forretress",163,12,1258,"forretress","steel","bug",40,0,60,0,60,0,140,2,90,0,75,0,FALSE
"206","dunsparce",145,15,140,"dunsparce","normal",NA,45,0,65,0,65,0,70,0,70,0,100,1,FALSE
"207","gligar",86,11,648,"gligar","flying","ground",85,0,65,0,35,0,105,1,75,0,65,0,FALSE
"208","steelix",179,92,4000,"steelix","ground","steel",30,0,65,0,55,0,200,2,85,0,75,0,FALSE
"209","snubbull",60,6,78,"snubbull","fairy",NA,30,0,40,0,40,0,50,0,80,1,60,0,FALSE
"210","granbull",158,14,487,"granbull","fairy",NA,45,0,60,0,60,0,75,0,120,2,90,0,FALSE
"211","qwilfish",88,5,39,"qwilfish","poison","water",85,0,55,0,55,0,85,0,95,1,65,0,FALSE
"212","scizor",175,18,1180,"scizor","steel","bug",65,0,80,0,55,0,100,0,130,2,70,0,FALSE
"213","shuckle",177,6,205,"shuckle","rock","bug",5,0,230,1,10,0,230,1,10,0,20,0,FALSE
"214","heracross",175,15,540,"heracross","fighting","bug",85,0,95,0,40,0,75,0,125,2,80,0,FALSE
"215","sneasel",86,9,280,"sneasel","ice","dark",115,1,75,0,35,0,55,0,95,0,55,0,FALSE
"216","teddiursa",66,6,88,"teddiursa","normal",NA,40,0,50,0,50,0,50,0,80,1,60,0,FALSE
"217","ursaring",175,18,1258,"ursaring","normal",NA,55,0,75,0,75,0,75,0,130,2,90,0,FALSE
"218","slugma",50,7,350,"slugma","fire",NA,20,0,40,0,70,1,40,0,40,0,40,0,FALSE
"219","magcargo",151,8,550,"magcargo","rock","fire",30,0,80,0,90,0,120,2,50,0,60,0,FALSE
"220","swinub",50,4,65,"swinub","ground","ice",50,0,30,0,30,0,40,0,50,1,50,0,FALSE
"221","piloswine",158,11,558,"piloswine","ground","ice",50,0,60,0,60,0,80,0,100,1,100,1,FALSE
"222","corsola",144,6,50,"corsola","rock","water",35,0,95,1,65,0,95,1,55,0,65,0,FALSE
"223","remoraid",60,6,120,"remoraid","water",NA,65,0,35,0,65,1,35,0,65,0,35,0,FALSE
"224","octillery",168,9,285,"octillery","water",NA,45,0,75,0,105,1,75,0,105,1,75,0,FALSE
"225","delibird",116,9,160,"delibird","flying","ice",75,1,45,0,65,0,45,0,55,0,45,0,FALSE
"226","mantine",170,21,2200,"mantine","flying","water",70,0,140,2,80,0,70,0,40,0,85,0,FALSE
"227","skarmory",163,17,505,"skarmory","flying","steel",70,0,70,0,40,0,140,2,80,0,65,0,FALSE
"228","houndour",66,6,108,"houndour","fire","dark",65,0,50,0,80,1,30,0,60,0,45,0,FALSE
"229","houndoom",175,14,350,"houndoom","fire","dark",95,0,80,0,110,2,50,0,90,0,75,0,FALSE
"230","kingdra",243,18,1520,"kingdra","dragon","water",85,0,95,1,95,1,95,0,95,1,75,0,FALSE
"231","phanpy",66,5,335,"phanpy","ground",NA,40,0,40,0,40,0,60,0,60,0,90,1,FALSE
"232","donphan",175,11,1200,"donphan","ground",NA,50,0,60,0,60,0,120,1,120,1,90,0,FALSE
"233","porygon2",180,6,325,"porygon2","normal",NA,60,0,95,0,105,2,90,0,80,0,85,0,FALSE
"234","stantler",163,14,712,"stantler","normal",NA,85,0,65,0,85,0,62,0,95,1,73,0,FALSE
"235","smeargle",88,12,580,"smeargle","normal",NA,75,1,45,0,20,0,35,0,20,0,55,0,FALSE
"236","tyrogue",42,7,210,"tyrogue","fighting",NA,35,0,35,0,35,0,35,0,35,1,35,0,FALSE
"237","hitmontop",159,14,480,"hitmontop","fighting",NA,70,0,110,2,35,0,95,0,95,0,50,0,FALSE
"238","smoochum",61,4,60,"smoochum","psychic","ice",65,0,65,0,85,1,15,0,30,0,45,0,FALSE
"239","elekid",72,6,235,"elekid","electric",NA,95,1,55,0,65,0,37,0,63,0,45,0,FALSE
"240","magby",73,7,214,"magby","fire",NA,83,1,55,0,70,0,37,0,75,0,45,0,FALSE
"241","miltank",172,12,755,"miltank","normal",NA,100,0,70,0,40,0,105,2,80,0,95,0,FALSE
"242","blissey",608,15,468,"blissey","normal",NA,55,0,135,0,75,0,10,0,10,0,255,3,FALSE
"243","raikou",261,19,1780,"raikou","electric",NA,115,2,100,0,115,1,75,0,85,0,90,0,TRUE
"244","entei",261,21,1980,"entei","fire",NA,100,0,75,0,90,0,85,0,115,2,115,1,TRUE
"245","suicune",261,20,1870,"suicune","water",NA,85,0,115,2,90,0,115,1,75,0,100,0,TRUE
"246","larvitar",60,6,720,"larvitar","ground","rock",41,0,50,0,45,0,50,0,64,1,50,0,FALSE
"247","pupitar",144,12,1520,"pupitar","ground","rock",51,0,70,0,65,0,70,0,84,2,70,0,FALSE
"248","tyranitar",270,20,2020,"tyranitar","dark","rock",61,0,100,0,95,0,110,0,134,3,100,0,FALSE
"249","lugia",306,52,2160,"lugia","flying","psychic",110,0,154,3,90,0,130,0,90,0,106,0,TRUE
"250","ho-oh",306,38,1990,"ho-oh","flying","fire",90,0,154,3,110,0,90,0,130,0,106,0,FALSE
"251","celebi",270,6,50,"celebi","grass","psychic",100,0,100,0,100,0,100,0,100,0,100,3,TRUE
"252","treecko",62,5,50,"treecko","grass",NA,70,1,55,0,65,0,35,0,45,0,40,0,FALSE
"253","grovyle",142,9,216,"grovyle","grass",NA,95,2,65,0,85,0,45,0,65,0,50,0,FALSE
"254","sceptile",239,17,522,"sceptile","grass",NA,120,3,85,0,105,0,65,0,85,0,70,0,FALSE
"255","torchic",62,4,25,"torchic","fire",NA,45,0,50,0,70,1,40,0,60,0,45,0,FALSE
"256","combusken",142,9,195,"combusken","fighting","fire",55,0,60,0,85,1,60,0,85,1,60,0,FALSE
"257","blaziken",239,19,520,"blaziken","fighting","fire",80,0,70,0,110,0,70,0,120,3,80,0,FALSE
"258","mudkip",62,4,76,"mudkip","water",NA,40,0,50,0,50,0,50,0,70,1,50,0,FALSE
"259","marshtomp",142,7,280,"marshtomp","ground","water",50,0,70,0,60,0,70,0,85,2,70,0,FALSE
"260","swampert",241,15,819,"swampert","ground","water",60,0,90,0,85,0,90,0,110,3,100,0,FALSE
"261","poochyena",56,5,136,"poochyena","dark",NA,35,0,30,0,30,0,35,0,55,1,35,0,FALSE
"262","mightyena",147,10,370,"mightyena","dark",NA,70,0,60,0,60,0,70,0,90,2,70,0,FALSE
"263","zigzagoon",56,4,175,"zigzagoon","normal",NA,60,1,41,0,30,0,41,0,30,0,38,0,FALSE
"264","linoone",147,5,325,"linoone","normal",NA,100,2,61,0,50,0,61,0,70,0,78,0,FALSE
"265","wurmple",56,3,36,"wurmple","bug",NA,20,0,30,0,20,0,35,0,45,0,45,1,FALSE
"266","silcoon",72,6,100,"silcoon","bug",NA,15,0,25,0,25,0,55,2,35,0,50,0,FALSE
"267","beautifly",178,10,284,"beautifly","flying","bug",65,0,50,0,100,3,50,0,70,0,60,0,FALSE
"268","cascoon",72,7,115,"cascoon","bug",NA,15,0,25,0,25,0,55,2,35,0,50,0,FALSE
"269","dustox",173,12,316,"dustox","poison","bug",65,0,90,3,50,0,70,0,50,0,60,0,FALSE
"270","lotad",44,5,26,"lotad","grass","water",30,0,50,1,40,0,30,0,30,0,40,0,FALSE
"271","lombre",119,12,325,"lombre","grass","water",50,0,70,2,60,0,50,0,50,0,60,0,FALSE
"272","ludicolo",216,15,550,"ludicolo","grass","water",70,0,100,3,90,0,70,0,70,0,80,0,FALSE
"273","seedot",44,5,40,"seedot","grass",NA,30,0,30,0,30,0,50,1,40,0,40,0,FALSE
"274","nuzleaf",119,10,280,"nuzleaf","dark","grass",60,0,40,0,60,0,40,0,70,2,70,0,FALSE
"275","shiftry",216,13,596,"shiftry","dark","grass",80,0,60,0,90,0,60,0,100,3,90,0,FALSE
"276","taillow",54,3,23,"taillow","flying","normal",85,1,30,0,30,0,30,0,55,0,40,0,FALSE
"277","swellow",159,7,198,"swellow","flying","normal",125,2,50,0,75,0,60,0,85,0,60,0,FALSE
"278","wingull",54,6,95,"wingull","flying","water",85,1,30,0,55,0,30,0,30,0,40,0,FALSE
"279","pelipper",154,12,280,"pelipper","flying","water",65,0,70,0,95,0,100,2,50,0,60,0,FALSE
"280","ralts",40,4,66,"ralts","fairy","psychic",40,0,35,0,45,1,25,0,25,0,28,0,FALSE
"281","kirlia",97,8,202,"kirlia","fairy","psychic",50,0,55,0,65,2,35,0,35,0,38,0,FALSE
"282","gardevoir",233,16,484,"gardevoir","fairy","psychic",80,0,115,0,125,3,65,0,65,0,68,0,FALSE
"283","surskit",54,5,17,"surskit","water","bug",65,1,52,0,50,0,32,0,30,0,40,0,FALSE
"284","masquerain",159,8,36,"masquerain","flying","bug",80,0,82,1,100,1,62,0,60,0,70,0,FALSE
"285","shroomish",59,4,45,"shroomish","grass",NA,35,0,60,0,40,0,60,0,40,0,60,1,FALSE
"286","breloom",161,12,392,"breloom","fighting","grass",70,0,60,0,60,0,80,0,130,2,60,0,FALSE
"287","slakoth",56,8,240,"slakoth","normal",NA,30,0,35,0,35,0,60,0,60,0,60,1,FALSE
"288","vigoroth",154,14,465,"vigoroth","normal",NA,90,2,55,0,55,0,80,0,80,0,80,0,FALSE
"289","slaking",252,20,1305,"slaking","normal",NA,100,0,65,0,95,0,100,0,160,0,150,3,FALSE
"290","nincada",53,5,55,"nincada","ground","bug",40,0,30,0,30,0,90,1,45,0,31,0,FALSE
"291","ninjask",160,8,120,"ninjask","flying","bug",160,2,50,0,50,0,45,0,90,0,61,0,FALSE
"292","shedinja",83,8,12,"shedinja","ghost","bug",40,0,30,0,30,0,45,0,90,0,1,2,FALSE
"293","whismur",48,6,163,"whismur","normal",NA,28,0,23,0,51,0,23,0,51,0,64,1,FALSE
"294","loudred",126,10,405,"loudred","normal",NA,48,0,43,0,71,0,43,0,71,0,84,2,FALSE
"295","exploud",221,15,840,"exploud","normal",NA,68,0,73,0,91,0,63,0,91,0,104,3,FALSE
"296","makuhita",47,10,864,"makuhita","fighting",NA,25,0,30,0,20,0,30,0,60,0,72,1,FALSE
"297","hariyama",166,23,2538,"hariyama","fighting",NA,50,0,60,0,40,0,60,0,120,0,144,2,FALSE
"298","azurill",38,2,20,"azurill","fairy","normal",20,0,40,0,20,0,40,0,20,0,50,1,FALSE
"299","nosepass",75,10,970,"nosepass","rock",NA,30,0,90,0,45,0,135,1,45,0,30,0,FALSE
"300","skitty",52,6,110,"skitty","normal",NA,50,1,35,0,35,0,45,0,45,0,50,0,FALSE
"301","delcatty",140,11,326,"delcatty","normal",NA,90,1,55,0,55,0,65,0,65,0,70,1,FALSE
"302","sableye",133,5,110,"sableye","ghost","dark",50,0,65,0,65,0,75,1,75,1,50,0,FALSE
"303","mawile",133,6,115,"mawile","fairy","steel",50,0,55,0,55,0,85,1,85,1,50,0,FALSE
"304","aron",66,4,600,"aron","rock","steel",30,0,40,0,40,0,100,1,70,0,50,0,FALSE
"305","lairon",151,9,1200,"lairon","rock","steel",40,0,50,0,50,0,140,2,90,0,60,0,FALSE
"306","aggron",239,21,3600,"aggron","rock","steel",50,0,60,0,60,0,180,3,110,0,70,0,FALSE
"307","meditite",56,6,112,"meditite","psychic","fighting",60,1,55,0,40,0,55,0,40,0,30,0,FALSE
"308","medicham",144,13,315,"medicham","psychic","fighting",80,2,75,0,60,0,75,0,60,0,60,0,FALSE
"309","electrike",59,6,152,"electrike","electric",NA,65,1,40,0,65,0,40,0,45,0,40,0,FALSE
"310","manectric",166,15,402,"manectric","electric",NA,105,2,60,0,105,0,60,0,75,0,70,0,FALSE
"311","plusle",142,4,42,"plusle","electric",NA,95,1,75,0,85,0,40,0,50,0,60,0,FALSE
"312","minun",142,4,42,"minun","electric",NA,95,1,85,0,75,0,50,0,40,0,60,0,FALSE
"313","volbeat",151,7,177,"volbeat","bug",NA,85,1,85,0,47,0,75,0,73,0,65,0,FALSE
"314","illumise",151,6,177,"illumise","bug",NA,85,1,85,0,73,0,75,0,47,0,65,0,FALSE
"315","roselia",140,3,20,"roselia","poison","grass",65,0,80,0,100,2,45,0,60,0,50,0,FALSE
"316","gulpin",60,4,103,"gulpin","poison",NA,40,0,53,0,43,0,53,0,43,0,70,1,FALSE
"317","swalot",163,17,800,"swalot","poison",NA,55,0,83,0,73,0,83,0,73,0,100,2,FALSE
"318","carvanha",61,8,208,"carvanha","dark","water",65,0,20,0,65,0,20,0,90,1,45,0,FALSE
"319","sharpedo",161,18,888,"sharpedo","dark","water",95,0,40,0,95,0,40,0,120,2,70,0,FALSE
"320","wailmer",80,20,1300,"wailmer","water",NA,60,0,35,0,70,0,35,0,70,0,130,1,FALSE
"321","wailord",175,145,3980,"wailord","water",NA,60,0,45,0,90,0,45,0,90,0,170,2,FALSE
"322","numel",61,7,240,"numel","ground","fire",35,0,45,0,65,1,40,0,60,0,60,0,FALSE
"323","camerupt",161,19,2200,"camerupt","ground","fire",40,0,75,0,105,1,70,0,100,1,70,0,FALSE
"324","torkoal",165,5,804,"torkoal","fire",NA,20,0,70,0,85,0,140,2,85,0,70,0,FALSE
"325","spoink",66,7,306,"spoink","psychic",NA,60,0,80,1,70,0,35,0,25,0,60,0,FALSE
"326","grumpig",165,9,715,"grumpig","psychic",NA,80,0,110,2,90,0,65,0,45,0,80,0,FALSE
"327","spinda",126,11,50,"spinda","normal",NA,60,0,60,0,60,1,60,0,60,0,60,0,FALSE
"328","trapinch",58,7,150,"trapinch","ground",NA,10,0,45,0,45,0,45,0,100,1,45,0,FALSE
"329","vibrava",119,11,153,"vibrava","dragon","ground",70,1,50,0,50,0,50,0,70,1,50,0,FALSE
"330","flygon",234,20,820,"flygon","dragon","ground",100,2,80,0,80,0,80,0,100,1,80,0,FALSE
"331","cacnea",67,4,513,"cacnea","grass",NA,35,0,40,0,85,1,40,0,85,0,50,0,FALSE
"332","cacturne",166,13,774,"cacturne","dark","grass",55,0,60,0,115,1,60,0,115,1,70,0,FALSE
"333","swablu",62,4,12,"swablu","flying","normal",50,0,75,1,40,0,60,0,40,0,45,0,FALSE
"334","altaria",172,11,206,"altaria","flying","dragon",80,0,105,2,70,0,90,0,70,0,75,0,FALSE
"335","zangoose",160,13,403,"zangoose","normal",NA,90,0,60,0,60,0,60,0,115,2,73,0,FALSE
"336","seviper",160,27,525,"seviper","poison",NA,65,0,60,0,100,1,60,0,100,1,73,0,FALSE
"337","lunatone",161,10,1680,"lunatone","psychic","rock",70,0,85,0,95,2,65,0,55,0,90,0,FALSE
"338","solrock",161,12,1540,"solrock","psychic","rock",70,0,65,0,55,0,85,0,95,2,90,0,FALSE
"339","barboach",58,4,19,"barboach","ground","water",60,0,41,0,46,0,43,0,48,0,50,1,FALSE
"340","whiscash",164,9,236,"whiscash","ground","water",60,0,71,0,76,0,73,0,78,0,110,2,FALSE
"341","corphish",62,6,115,"corphish","water",NA,35,0,35,0,50,0,65,0,80,1,43,0,FALSE
"342","crawdaunt",164,11,328,"crawdaunt","dark","water",55,0,55,0,90,0,85,0,120,2,63,0,FALSE
"343","baltoy",60,5,215,"baltoy","psychic","ground",55,0,70,1,40,0,55,0,40,0,40,0,FALSE
"344","claydol",175,15,1080,"claydol","psychic","ground",75,0,120,2,70,0,105,0,70,0,60,0,FALSE
"345","lileep",71,10,238,"lileep","grass","rock",23,0,87,1,61,0,77,0,41,0,66,0,FALSE
"346","cradily",173,15,604,"cradily","grass","rock",43,0,107,2,81,0,97,0,81,0,86,0,FALSE
"347","anorith",71,7,125,"anorith","bug","rock",75,0,50,0,40,0,50,0,95,1,45,0,FALSE
"348","armaldo",173,15,682,"armaldo","bug","rock",45,0,80,0,70,0,100,0,125,2,75,0,FALSE
"349","feebas",40,6,74,"feebas","water",NA,80,1,55,0,10,0,20,0,15,0,20,0,FALSE
"350","milotic",189,62,1620,"milotic","water",NA,81,0,125,2,100,0,79,0,60,0,95,0,FALSE
"351","castform",147,3,8,"castform","normal",NA,70,0,70,0,70,0,70,0,70,0,70,1,FALSE
"352","kecleon",154,10,220,"kecleon","normal",NA,40,0,120,1,60,0,70,0,90,0,60,0,FALSE
"353","shuppet",59,6,23,"shuppet","ghost",NA,45,0,33,0,63,0,35,0,75,1,44,0,FALSE
"354","banette",159,11,125,"banette","ghost",NA,65,0,63,0,83,0,65,0,115,2,64,0,FALSE
"355","duskull",59,8,150,"duskull","ghost",NA,25,0,90,1,30,0,90,0,40,0,20,0,FALSE
"356","dusclops",159,16,306,"dusclops","ghost",NA,25,0,130,1,60,0,130,1,70,0,40,0,FALSE
"357","tropius",161,20,1000,"tropius","flying","grass",51,0,87,0,72,0,83,0,68,0,99,2,FALSE
"358","chimecho",159,6,10,"chimecho","psychic",NA,65,0,90,1,95,1,80,0,50,0,75,0,FALSE
"359","absol",163,12,470,"absol","dark",NA,75,0,60,0,75,0,60,0,130,2,65,0,FALSE
"360","wynaut",52,6,140,"wynaut","psychic",NA,23,0,48,0,23,0,48,0,23,0,95,1,FALSE
"361","snorunt",60,7,168,"snorunt","ice",NA,50,0,50,0,50,0,50,0,50,0,50,1,FALSE
"362","glalie",168,15,2565,"glalie","ice",NA,80,0,80,0,80,0,80,0,80,0,80,2,FALSE
"363","spheal",58,8,395,"spheal","water","ice",25,0,50,0,55,0,50,0,40,0,70,1,FALSE
"364","sealeo",144,11,876,"sealeo","water","ice",45,0,70,0,75,0,70,0,60,0,90,2,FALSE
"365","walrein",239,14,1506,"walrein","water","ice",65,0,90,0,95,0,90,0,80,0,110,3,FALSE
"366","clamperl",69,4,525,"clamperl","water",NA,32,0,55,0,74,0,85,1,64,0,35,0,FALSE
"367","huntail",170,17,270,"huntail","water",NA,52,0,75,0,94,0,105,1,104,1,55,0,FALSE
"368","gorebyss",170,18,226,"gorebyss","water",NA,52,0,75,0,114,2,105,0,84,0,55,0,FALSE
"369","relicanth",170,10,234,"relicanth","rock","water",55,0,65,0,45,0,130,1,90,0,100,1,FALSE
"370","luvdisc",116,6,87,"luvdisc","water",NA,97,1,65,0,40,0,55,0,30,0,43,0,FALSE
"371","bagon",60,6,421,"bagon","dragon",NA,50,0,30,0,40,0,60,0,75,1,45,0,FALSE
"372","shelgon",147,11,1105,"shelgon","dragon",NA,50,0,50,0,60,0,100,2,95,0,65,0,FALSE
"373","salamence",270,15,1026,"salamence","flying","dragon",100,0,80,0,110,0,80,0,135,3,95,0,FALSE
"374","beldum",60,6,952,"beldum","psychic","steel",30,0,60,0,35,0,80,1,55,0,40,0,FALSE
"375","metang",147,12,2025,"metang","psychic","steel",50,0,80,0,55,0,100,2,75,0,60,0,FALSE
"376","metagross",270,16,5500,"metagross","psychic","steel",70,0,90,0,95,0,130,3,135,0,80,0,FALSE
"377","regirock",261,17,2300,"regirock","rock",NA,50,0,100,0,50,0,200,3,100,0,80,0,TRUE
"378","regice",261,18,1750,"regice","ice",NA,50,0,200,3,100,0,100,0,50,0,80,0,TRUE
"379","registeel",261,19,2050,"registeel","steel",NA,50,0,150,1,75,0,150,2,75,0,80,0,TRUE
"380","latias",270,14,400,"latias","psychic","dragon",110,0,130,3,110,0,90,0,80,0,80,0,TRUE
"381","latios",270,20,600,"latios","psychic","dragon",110,0,110,0,130,3,80,0,90,0,80,0,TRUE
"382","kyogre",302,45,3520,"kyogre","water",NA,90,0,140,0,150,3,90,0,100,0,100,0,TRUE
"383","groudon",302,35,9500,"groudon","ground",NA,90,0,90,0,100,0,140,0,150,3,100,0,TRUE
"384","rayquaza",306,70,2065,"rayquaza","flying","dragon",95,0,90,0,150,1,90,0,150,2,105,0,TRUE
"385","jirachi",270,3,11,"jirachi","psychic","steel",100,0,100,0,100,0,100,0,100,0,100,3,TRUE
"386","deoxys-normal",270,17,608,"deoxys","psychic",NA,150,1,50,0,150,1,50,0,150,1,50,0,TRUE
"387","turtwig",64,4,102,"turtwig","grass",NA,31,0,55,0,45,0,64,0,68,1,55,0,FALSE
"388","grotle",142,11,970,"grotle","grass",NA,36,0,65,0,55,0,85,1,89,1,75,0,FALSE
"389","torterra",236,22,3100,"torterra","ground","grass",56,0,85,0,75,0,105,1,109,2,95,0,FALSE
"390","chimchar",62,5,62,"chimchar","fire",NA,61,1,44,0,58,0,44,0,58,0,44,0,FALSE
"391","monferno",142,9,220,"monferno","fighting","fire",81,1,52,0,78,1,52,0,78,0,64,0,FALSE
"392","infernape",240,12,550,"infernape","fighting","fire",108,1,71,0,104,1,71,0,104,1,76,0,FALSE
"393","piplup",63,4,52,"piplup","water",NA,40,0,56,0,61,1,53,0,51,0,53,0,FALSE
"394","prinplup",142,8,230,"prinplup","water",NA,50,0,76,0,81,2,68,0,66,0,64,0,FALSE
"395","empoleon",239,17,845,"empoleon","steel","water",60,0,101,0,111,3,88,0,86,0,84,0,FALSE
"396","starly",49,3,20,"starly","flying","normal",60,1,30,0,30,0,30,0,55,0,40,0,FALSE
"397","staravia",119,6,155,"staravia","flying","normal",80,2,40,0,40,0,50,0,75,0,55,0,FALSE
"398","staraptor",218,12,249,"staraptor","flying","normal",100,0,60,0,50,0,70,0,120,3,85,0,FALSE
"399","bidoof",50,5,200,"bidoof","normal",NA,31,0,40,0,35,0,40,0,45,0,59,1,FALSE
"400","bibarel",144,10,315,"bibarel","water","normal",71,0,60,0,55,0,60,0,85,2,79,0,FALSE
"401","kricketot",39,3,22,"kricketot","bug",NA,25,0,41,0,25,0,41,1,25,0,37,0,FALSE
"402","kricketune",134,10,255,"kricketune","bug",NA,65,0,51,0,55,0,51,0,85,2,77,0,FALSE
"403","shinx",53,5,95,"shinx","electric",NA,45,0,34,0,40,0,34,0,65,1,45,0,FALSE
"404","luxio",127,9,305,"luxio","electric",NA,60,0,49,0,60,0,49,0,85,2,60,0,FALSE
"405","luxray",235,14,420,"luxray","electric",NA,70,0,79,0,95,0,79,0,120,3,80,0,FALSE
"406","budew",56,2,12,"budew","poison","grass",55,0,70,0,50,1,35,0,30,0,40,0,FALSE
"407","roserade",232,9,145,"roserade","poison","grass",90,0,105,0,125,3,65,0,70,0,60,0,FALSE
"408","cranidos",70,9,315,"cranidos","rock",NA,58,0,30,0,30,0,40,0,125,1,67,0,FALSE
"409","rampardos",173,16,1025,"rampardos","rock",NA,58,0,50,0,65,0,60,0,165,2,97,0,FALSE
"410","shieldon",70,5,570,"shieldon","steel","rock",30,0,88,0,42,0,118,1,42,0,30,0,FALSE
"411","bastiodon",173,13,1495,"bastiodon","steel","rock",30,0,138,0,47,0,168,2,52,0,60,0,FALSE
"412","burmy",45,2,34,"burmy","bug",NA,36,0,45,1,29,0,45,0,29,0,40,0,FALSE
"413","wormadam-plant",148,5,65,"wormadam","grass","bug",36,0,105,2,79,0,85,0,59,0,60,0,FALSE
"414","mothim",148,9,233,"mothim","flying","bug",66,0,50,0,94,1,50,0,94,1,70,0,FALSE
"415","combee",49,3,55,"combee","flying","bug",70,1,42,0,30,0,42,0,30,0,30,0,FALSE
"416","vespiquen",166,12,385,"vespiquen","flying","bug",40,0,102,1,80,0,102,1,80,0,70,0,FALSE
"417","pachirisu",142,4,39,"pachirisu","electric",NA,95,1,90,0,45,0,70,0,45,0,60,0,FALSE
"418","buizel",66,7,295,"buizel","water",NA,85,1,30,0,60,0,35,0,65,0,55,0,FALSE
"419","floatzel",173,11,335,"floatzel","water",NA,115,2,50,0,85,0,55,0,105,0,85,0,FALSE
"420","cherubi",55,4,33,"cherubi","grass",NA,35,0,53,0,62,1,45,0,35,0,45,0,FALSE
"421","cherrim",158,5,93,"cherrim","grass",NA,85,0,78,0,87,2,70,0,60,0,70,0,FALSE
"422","shellos",65,3,63,"shellos","water",NA,34,0,62,0,57,0,48,0,48,0,76,1,FALSE
"423","gastrodon",166,9,299,"gastrodon","ground","water",39,0,82,0,92,0,68,0,83,0,111,2,FALSE
"424","ambipom",169,12,203,"ambipom","normal",NA,115,2,66,0,60,0,66,0,100,0,75,0,FALSE
"425","drifloon",70,4,12,"drifloon","flying","ghost",70,0,44,0,60,0,34,0,50,0,90,1,FALSE
"426","drifblim",174,12,150,"drifblim","flying","ghost",80,0,54,0,90,0,44,0,80,0,150,2,FALSE
"427","buneary",70,4,55,"buneary","normal",NA,85,1,56,0,44,0,44,0,66,0,55,0,FALSE
"428","lopunny",168,12,333,"lopunny","normal",NA,105,2,96,0,54,0,84,0,76,0,65,0,FALSE
"429","mismagius",173,9,44,"mismagius","ghost",NA,105,0,105,1,105,1,60,0,60,0,60,0,FALSE
"430","honchkrow",177,9,273,"honchkrow","flying","dark",71,0,52,0,105,0,52,0,125,2,100,0,FALSE
"431","glameow",62,5,39,"glameow","normal",NA,85,1,37,0,42,0,42,0,55,0,49,0,FALSE
"432","purugly",158,10,438,"purugly","normal",NA,112,2,59,0,64,0,64,0,82,0,71,0,FALSE
"433","chingling",57,2,6,"chingling","psychic",NA,45,0,50,0,65,1,50,0,30,0,45,0,FALSE
"434","stunky",66,4,192,"stunky","dark","poison",74,1,41,0,41,0,47,0,63,0,63,0,FALSE
"435","skuntank",168,10,380,"skuntank","dark","poison",84,0,61,0,71,0,67,0,93,0,103,2,FALSE
"436","bronzor",60,5,605,"bronzor","psychic","steel",23,0,86,0,24,0,86,1,24,0,57,0,FALSE
"437","bronzong",175,13,1870,"bronzong","psychic","steel",33,0,116,1,79,0,116,1,89,0,67,0,FALSE
"438","bonsly",58,5,150,"bonsly","rock",NA,10,0,45,0,10,0,95,1,80,0,50,0,FALSE
"439","mime-jr",62,6,130,"mime-jr","fairy","psychic",60,0,90,1,70,0,45,0,25,0,20,0,FALSE
"440","happiny",110,6,244,"happiny","normal",NA,30,0,65,0,15,0,5,0,5,0,100,1,FALSE
"441","chatot",144,5,19,"chatot","flying","normal",91,0,42,0,92,0,45,0,65,1,76,0,FALSE
"442","spiritomb",170,10,1080,"spiritomb","dark","ghost",35,0,108,1,92,0,108,1,92,0,50,0,FALSE
"443","gible",60,7,205,"gible","ground","dragon",42,0,45,0,40,0,45,0,70,1,58,0,FALSE
"444","gabite",144,14,560,"gabite","ground","dragon",82,0,55,0,50,0,65,0,90,2,68,0,FALSE
"445","garchomp",270,19,950,"garchomp","ground","dragon",102,0,85,0,80,0,95,0,130,3,108,0,FALSE
"446","munchlax",78,6,1050,"munchlax","normal",NA,5,0,85,0,40,0,40,0,85,0,135,1,FALSE
"447","riolu",57,7,202,"riolu","fighting",NA,60,0,40,0,35,0,40,0,70,1,40,0,FALSE
"448","lucario",184,12,540,"lucario","steel","fighting",90,0,70,0,115,1,70,0,110,1,70,0,FALSE
"449","hippopotas",66,8,495,"hippopotas","ground",NA,32,0,42,0,38,0,78,1,72,0,68,0,FALSE
"450","hippowdon",184,20,3000,"hippowdon","ground",NA,47,0,72,0,68,0,118,2,112,0,108,0,FALSE
"451","skorupi",66,8,120,"skorupi","bug","poison",65,0,55,0,30,0,90,1,50,0,40,0,FALSE
"452","drapion",175,13,615,"drapion","dark","poison",95,0,75,0,60,0,110,2,90,0,70,0,FALSE
"453","croagunk",60,7,230,"croagunk","fighting","poison",50,0,40,0,61,0,40,0,61,1,48,0,FALSE
"454","toxicroak",172,13,444,"toxicroak","fighting","poison",85,0,65,0,86,0,65,0,106,2,83,0,FALSE
"455","carnivine",159,14,270,"carnivine","grass",NA,46,0,72,0,90,0,72,0,100,2,74,0,FALSE
"456","finneon",66,4,70,"finneon","water",NA,66,1,61,0,49,0,56,0,49,0,49,0,FALSE
"457","lumineon",161,12,240,"lumineon","water",NA,91,2,86,0,69,0,76,0,69,0,69,0,FALSE
"458","mantyke",69,10,650,"mantyke","flying","water",50,0,120,1,60,0,50,0,20,0,45,0,FALSE
"459","snover",67,10,505,"snover","ice","grass",40,0,60,0,62,0,50,0,62,1,60,0,FALSE
"460","abomasnow",173,22,1355,"abomasnow","ice","grass",60,0,85,0,92,1,75,0,92,1,90,0,FALSE
"461","weavile",179,11,340,"weavile","ice","dark",125,1,85,0,45,0,65,0,120,1,70,0,FALSE
"462","magnezone",241,12,1800,"magnezone","steel","electric",60,0,90,0,130,3,115,0,70,0,70,0,FALSE
"463","lickilicky",180,17,1400,"lickilicky","normal",NA,50,0,95,0,80,0,95,0,85,0,110,3,FALSE
"464","rhyperior",241,24,2828,"rhyperior","rock","ground",40,0,55,0,55,0,130,0,140,3,115,0,FALSE
"465","tangrowth",187,20,1286,"tangrowth","grass",NA,50,0,50,0,110,0,125,2,100,0,100,0,FALSE
"466","electivire",243,18,1386,"electivire","electric",NA,95,0,85,0,95,0,67,0,123,3,75,0,FALSE
"467","magmortar",243,16,680,"magmortar","fire",NA,83,0,95,0,125,3,67,0,95,0,75,0,FALSE
"468","togekiss",245,15,380,"togekiss","flying","fairy",80,0,115,1,120,2,95,0,50,0,85,0,FALSE
"469","yanmega",180,19,515,"yanmega","flying","bug",95,0,56,0,116,0,86,0,76,2,86,0,FALSE
"470","leafeon",184,10,255,"leafeon","grass",NA,95,0,65,0,60,0,130,2,110,0,65,0,FALSE
"471","glaceon",184,8,259,"glaceon","ice",NA,65,0,95,0,130,2,110,0,60,0,65,0,FALSE
"472","gliscor",179,20,425,"gliscor","flying","ground",95,0,75,0,45,0,125,2,95,0,75,0,FALSE
"473","mamoswine",239,25,2910,"mamoswine","ground","ice",80,0,60,0,70,0,80,0,130,3,110,0,FALSE
"474","porygon-z",241,9,340,"porygon-z","normal",NA,90,0,75,0,135,3,70,0,80,0,85,0,FALSE
"475","gallade",233,16,520,"gallade","fighting","psychic",80,0,115,0,65,0,65,0,125,3,68,0,FALSE
"476","probopass",184,14,3400,"probopass","steel","rock",40,0,150,2,75,0,145,1,55,0,60,0,FALSE
"477","dusknoir",236,22,1066,"dusknoir","ghost",NA,45,0,135,2,65,0,135,1,100,0,45,0,FALSE
"478","froslass",168,13,266,"froslass","ghost","ice",110,2,70,0,80,0,70,0,80,0,70,0,FALSE
"479","rotom",154,3,3,"rotom","ghost","electric",91,1,77,0,95,1,77,0,50,0,50,0,FALSE
"480","uxie",261,3,3,"uxie","psychic",NA,95,0,130,1,75,0,130,2,75,0,75,0,TRUE
"481","mesprit",261,3,3,"mesprit","psychic",NA,80,0,105,1,105,1,105,0,105,1,80,0,TRUE
"482","azelf",261,3,3,"azelf","psychic",NA,115,0,70,0,125,1,70,0,125,2,75,0,TRUE
"483","dialga",306,54,6830,"dialga","dragon","steel",90,0,100,0,150,3,120,0,120,0,100,0,TRUE
"484","palkia",306,42,3360,"palkia","dragon","water",100,0,120,0,150,3,100,0,120,0,90,0,TRUE
"485","heatran",270,17,4300,"heatran","steel","fire",77,0,106,0,130,3,106,0,90,0,91,0,TRUE
"486","regigigas",302,37,4200,"regigigas","normal",NA,100,0,110,0,80,0,110,0,160,3,110,0,TRUE
"487","giratina-altered",306,45,7500,"giratina","dragon","ghost",90,0,120,0,100,0,120,0,100,0,150,3,TRUE
"488","cresselia",270,15,856,"cresselia","psychic",NA,85,0,130,3,75,0,120,0,70,0,120,0,TRUE
"489","phione",216,4,31,"phione","water",NA,80,0,80,0,80,0,80,0,80,0,80,1,TRUE
"490","manaphy",270,3,14,"manaphy","water",NA,100,0,100,0,100,0,100,0,100,0,100,3,TRUE
"491","darkrai",270,15,505,"darkrai","dark",NA,125,1,90,0,135,2,90,0,90,0,70,0,TRUE
"492","shaymin-land",270,2,21,"shaymin","grass",NA,100,0,100,0,100,0,100,0,100,0,100,3,TRUE
"493","arceus",324,32,3200,"arceus","normal",NA,120,0,120,0,120,0,120,0,120,0,120,3,TRUE
"494","victini",270,4,40,"victini","fire","psychic",100,0,100,0,100,0,100,0,100,0,100,3,TRUE
"495","snivy",62,6,81,"snivy","grass",NA,63,1,55,0,45,0,55,0,45,0,45,0,FALSE
"496","servine",145,8,160,"servine","grass",NA,83,2,75,0,60,0,75,0,60,0,60,0,FALSE
"497","serperior",238,33,630,"serperior","grass",NA,113,3,95,0,75,0,95,0,75,0,75,0,FALSE
"498","tepig",62,5,99,"tepig","fire",NA,45,0,45,0,45,0,45,0,63,0,65,1,FALSE
"499","pignite",146,10,555,"pignite","fighting","fire",55,0,55,0,70,0,55,0,93,2,90,0,FALSE
"500","emboar",238,16,1500,"emboar","fighting","fire",65,0,65,0,100,0,65,0,123,3,110,0,FALSE
"501","oshawott",62,5,59,"oshawott","water",NA,45,0,45,0,63,1,45,0,55,0,55,0,FALSE
"502","dewott",145,8,245,"dewott","water",NA,60,0,60,0,83,2,60,0,75,0,75,0,FALSE
"503","samurott",238,15,946,"samurott","water",NA,70,0,70,0,108,3,85,0,100,0,95,0,FALSE
"504","patrat",51,5,116,"patrat","normal",NA,42,0,39,0,35,0,39,0,55,1,45,0,FALSE
"505","watchog",147,11,270,"watchog","normal",NA,77,0,69,0,60,0,69,0,85,2,60,0,FALSE
"506","lillipup",55,4,41,"lillipup","normal",NA,55,0,45,0,25,0,45,0,60,1,45,0,FALSE
"507","herdier",130,9,147,"herdier","normal",NA,60,0,65,0,35,0,65,0,80,2,65,0,FALSE
"508","stoutland",225,12,610,"stoutland","normal",NA,80,0,90,0,45,0,90,0,110,3,85,0,FALSE
"509","purrloin",56,4,101,"purrloin","dark",NA,66,1,37,0,50,0,37,0,50,0,41,0,FALSE
"510","liepard",156,11,375,"liepard","dark",NA,106,2,50,0,88,0,50,0,88,0,64,0,FALSE
"511","pansage",63,6,105,"pansage","grass",NA,64,1,48,0,53,0,48,0,53,0,50,0,FALSE
"512","simisage",174,11,305,"simisage","grass",NA,101,2,63,0,98,0,63,0,98,0,75,0,FALSE
"513","pansear",63,6,110,"pansear","fire",NA,64,1,48,0,53,0,48,0,53,0,50,0,FALSE
"514","simisear",174,10,280,"simisear","fire",NA,101,2,63,0,98,0,63,0,98,0,75,0,FALSE
"515","panpour",63,6,135,"panpour","water",NA,64,1,48,0,53,0,48,0,53,0,50,0,FALSE
"516","simipour",174,10,290,"simipour","water",NA,101,2,63,0,98,0,63,0,98,0,75,0,FALSE
"517","munna",58,6,233,"munna","psychic",NA,24,0,55,0,67,0,45,0,25,0,76,1,FALSE
"518","musharna",170,11,605,"musharna","psychic",NA,29,0,95,0,107,0,85,0,55,0,116,2,FALSE
"519","pidove",53,3,21,"pidove","flying","normal",43,0,30,0,36,0,50,0,55,1,50,0,FALSE
"520","tranquill",125,6,150,"tranquill","flying","normal",65,0,42,0,50,0,62,0,77,2,62,0,FALSE
"521","unfezant",220,12,290,"unfezant","flying","normal",93,0,55,0,65,0,80,0,115,3,80,0,FALSE
"522","blitzle",59,8,298,"blitzle","electric",NA,76,1,32,0,50,0,32,0,60,0,45,0,FALSE
"523","zebstrika",174,16,795,"zebstrika","electric",NA,116,2,63,0,80,0,63,0,100,0,75,0,FALSE
"524","roggenrola",56,4,180,"roggenrola","rock",NA,15,0,25,0,25,0,85,1,75,0,55,0,FALSE
"525","boldore",137,9,1020,"boldore","rock",NA,20,0,40,0,50,0,105,1,105,1,70,0,FALSE
"526","gigalith",232,17,2600,"gigalith","rock",NA,25,0,80,0,60,0,130,0,135,3,85,0,FALSE
"527","woobat",65,4,21,"woobat","flying","psychic",72,1,43,0,55,0,43,0,45,0,65,0,FALSE
"528","swoobat",149,9,105,"swoobat","flying","psychic",114,2,55,0,77,0,55,0,57,0,67,0,FALSE
"529","drilbur",66,3,85,"drilbur","ground",NA,68,0,45,0,30,0,40,0,85,1,60,0,FALSE
"530","excadrill",178,7,404,"excadrill","steel","ground",88,0,65,0,50,0,60,0,135,2,110,0,FALSE
"531","audino",390,11,310,"audino","normal",NA,50,0,86,0,60,0,86,0,60,0,103,2,FALSE
"532","timburr",61,6,125,"timburr","fighting",NA,35,0,35,0,25,0,55,0,80,1,75,0,FALSE
"533","gurdurr",142,12,400,"gurdurr","fighting",NA,40,0,50,0,40,0,85,0,105,2,85,0,FALSE
"534","conkeldurr",227,14,870,"conkeldurr","fighting",NA,45,0,65,0,55,0,95,0,140,3,105,0,FALSE
"535","tympole",59,5,45,"tympole","water",NA,64,1,40,0,50,0,40,0,50,0,50,0,FALSE
"536","palpitoad",134,8,170,"palpitoad","ground","water",69,0,55,0,65,0,55,0,65,0,75,2,FALSE
"537","seismitoad",229,15,620,"seismitoad","ground","water",74,0,75,0,85,0,75,0,95,0,105,3,FALSE
"538","throh",163,13,555,"throh","fighting",NA,45,0,85,0,30,0,85,0,100,0,120,2,FALSE
"539","sawk",163,14,510,"sawk","fighting",NA,85,0,75,0,30,0,75,0,125,2,75,0,FALSE
"540","sewaddle",62,3,25,"sewaddle","grass","bug",42,0,60,0,40,0,70,1,53,0,45,0,FALSE
"541","swadloon",133,5,73,"swadloon","grass","bug",42,0,80,0,50,0,90,2,63,0,55,0,FALSE
"542","leavanny",225,12,205,"leavanny","grass","bug",92,0,80,0,70,0,80,0,103,3,75,0,FALSE
"543","venipede",52,4,53,"venipede","poison","bug",57,0,39,0,30,0,59,1,45,0,30,0,FALSE
"544","whirlipede",126,12,585,"whirlipede","poison","bug",47,0,79,0,40,0,99,2,55,0,40,0,FALSE
"545","scolipede",218,25,2005,"scolipede","poison","bug",112,3,69,0,55,0,89,0,100,0,60,0,FALSE
"546","cottonee",56,3,6,"cottonee","fairy","grass",66,1,50,0,37,0,60,0,27,0,40,0,FALSE
"547","whimsicott",168,7,66,"whimsicott","fairy","grass",116,2,75,0,77,0,85,0,67,0,60,0,FALSE
"548","petilil",56,5,66,"petilil","grass",NA,30,0,50,0,70,1,50,0,35,0,45,0,FALSE
"549","lilligant",168,11,163,"lilligant","grass",NA,90,0,75,0,110,2,75,0,60,0,70,0,FALSE
"550","basculin-red-striped",161,10,180,"basculin","water",NA,98,2,55,0,80,0,65,0,92,0,70,0,FALSE
"551","sandile",58,7,152,"sandile","dark","ground",65,0,35,0,35,0,35,0,72,1,50,0,FALSE
"552","krokorok",123,10,334,"krokorok","dark","ground",74,0,45,0,45,0,45,0,82,2,60,0,FALSE
"553","krookodile",234,15,963,"krookodile","dark","ground",92,0,70,0,65,0,80,0,117,3,95,0,FALSE
"554","darumaka",63,6,375,"darumaka","fire",NA,50,0,45,0,15,0,45,0,90,1,70,0,FALSE
"555","darmanitan-standard",168,13,929,"darmanitan","fire",NA,95,0,55,0,30,0,55,0,140,2,105,0,FALSE
"556","maractus",161,10,280,"maractus","grass",NA,60,0,67,0,106,2,67,0,86,0,75,0,FALSE
"557","dwebble",65,3,145,"dwebble","rock","bug",55,0,35,0,35,0,85,1,65,0,50,0,FALSE
"558","crustle",170,14,2000,"crustle","rock","bug",45,0,75,0,65,0,125,2,105,0,70,0,FALSE
"559","scraggy",70,6,118,"scraggy","fighting","dark",48,0,70,0,35,0,70,0,75,1,50,0,FALSE
"560","scrafty",171,11,300,"scrafty","fighting","dark",58,0,115,1,45,0,115,1,90,0,65,0,FALSE
"561","sigilyph",172,14,140,"sigilyph","flying","psychic",97,0,80,0,103,2,80,0,58,0,72,0,FALSE
"562","yamask",61,5,15,"yamask","ghost",NA,30,0,65,0,55,0,85,1,30,0,38,0,FALSE
"563","cofagrigus",169,17,765,"cofagrigus","ghost",NA,30,0,105,0,95,0,145,2,50,0,58,0,FALSE
"564","tirtouga",71,7,165,"tirtouga","rock","water",22,0,45,0,53,0,103,1,78,0,54,0,FALSE
"565","carracosta",173,12,810,"carracosta","rock","water",32,0,65,0,83,0,133,2,108,0,74,0,FALSE
"566","archen",71,5,95,"archen","flying","rock",70,0,45,0,74,0,45,0,112,1,55,0,FALSE
"567","archeops",177,14,320,"archeops","flying","rock",110,0,65,0,112,0,65,0,140,2,75,0,FALSE
"568","trubbish",66,6,310,"trubbish","poison",NA,65,1,62,0,40,0,62,0,50,0,50,0,FALSE
"569","garbodor",166,19,1073,"garbodor","poison",NA,75,0,82,0,60,0,82,0,95,2,80,0,FALSE
"570","zorua",66,7,125,"zorua","dark",NA,65,0,40,0,80,1,40,0,65,0,40,0,FALSE
"571","zoroark",179,16,811,"zoroark","dark",NA,105,0,60,0,120,2,60,0,105,0,60,0,FALSE
"572","minccino",60,4,58,"minccino","normal",NA,75,1,40,0,40,0,40,0,50,0,55,0,FALSE
"573","cinccino",165,5,75,"cinccino","normal",NA,115,2,60,0,65,0,60,0,95,0,75,0,FALSE
"574","gothita",58,4,58,"gothita","psychic",NA,45,0,65,1,55,0,50,0,30,0,45,0,FALSE
"575","gothorita",137,7,180,"gothorita","psychic",NA,55,0,85,2,75,0,70,0,45,0,60,0,FALSE
"576","gothitelle",221,15,440,"gothitelle","psychic",NA,65,0,110,3,95,0,95,0,55,0,70,0,FALSE
"577","solosis",58,3,10,"solosis","psychic",NA,20,0,50,0,105,1,40,0,30,0,45,0,FALSE
"578","duosion",130,6,80,"duosion","psychic",NA,30,0,60,0,125,2,50,0,40,0,65,0,FALSE
"579","reuniclus",221,10,201,"reuniclus","psychic",NA,30,0,85,0,125,3,75,0,65,0,110,0,FALSE
"580","ducklett",61,5,55,"ducklett","flying","water",55,0,50,0,44,0,50,0,44,0,62,1,FALSE
"581","swanna",166,13,242,"swanna","flying","water",98,2,63,0,87,0,63,0,87,0,75,0,FALSE
"582","vanillite",61,4,57,"vanillite","ice",NA,44,0,60,0,65,1,50,0,50,0,36,0,FALSE
"583","vanillish",138,11,410,"vanillish","ice",NA,59,0,75,0,80,2,65,0,65,0,51,0,FALSE
"584","vanilluxe",241,13,575,"vanilluxe","ice",NA,79,0,95,0,110,3,85,0,95,0,71,0,FALSE
"585","deerling",67,6,195,"deerling","grass","normal",75,1,50,0,40,0,50,0,60,0,60,0,FALSE
"586","sawsbuck",166,19,925,"sawsbuck","grass","normal",95,0,70,0,60,0,70,0,100,2,80,0,FALSE
"587","emolga",150,4,50,"emolga","flying","electric",103,2,60,0,75,0,60,0,75,0,55,0,FALSE
"588","karrablast",63,5,59,"karrablast","bug",NA,60,0,45,0,40,0,45,0,75,1,50,0,FALSE
"589","escavalier",173,10,330,"escavalier","steel","bug",20,0,105,0,60,0,105,0,135,2,70,0,FALSE
"590","foongus",59,2,10,"foongus","poison","grass",15,0,55,0,55,0,45,0,55,0,69,1,FALSE
"591","amoonguss",162,6,105,"amoonguss","poison","grass",30,0,80,0,85,0,70,0,85,0,114,2,FALSE
"592","frillish",67,12,330,"frillish","ghost","water",40,0,85,1,65,0,50,0,40,0,55,0,FALSE
"593","jellicent",168,22,1350,"jellicent","ghost","water",60,0,105,2,85,0,70,0,60,0,100,0,FALSE
"594","alomomola",165,12,316,"alomomola","water",NA,65,0,45,0,40,0,80,0,75,0,165,2,FALSE
"595","joltik",64,1,6,"joltik","electric","bug",65,1,50,0,57,0,50,0,47,0,50,0,FALSE
"596","galvantula",165,8,143,"galvantula","electric","bug",108,2,60,0,97,0,60,0,77,0,70,0,FALSE
"597","ferroseed",61,6,188,"ferroseed","steel","grass",10,0,86,0,24,0,91,1,50,0,44,0,FALSE
"598","ferrothorn",171,10,1100,"ferrothorn","steel","grass",20,0,116,0,54,0,131,2,94,0,74,0,FALSE
"599","klink",60,3,210,"klink","steel",NA,30,0,60,0,45,0,70,1,55,0,40,0,FALSE
"600","klang",154,6,510,"klang","steel",NA,50,0,85,0,70,0,95,2,80,0,60,0,FALSE
"601","klinklang",234,6,810,"klinklang","steel",NA,90,0,85,0,70,0,115,3,100,0,60,0,FALSE
"602","tynamo",55,2,3,"tynamo","electric",NA,60,1,40,0,45,0,40,0,55,0,35,0,FALSE
"603","eelektrik",142,12,220,"eelektrik","electric",NA,40,0,70,0,75,0,70,0,85,2,65,0,FALSE
"604","eelektross",232,21,805,"eelektross","electric",NA,50,0,80,0,105,0,80,0,115,3,85,0,FALSE
"605","elgyem",67,5,90,"elgyem","psychic",NA,30,0,55,0,85,1,55,0,55,0,55,0,FALSE
"606","beheeyem",170,10,345,"beheeyem","psychic",NA,40,0,95,0,125,2,75,0,75,0,75,0,FALSE
"607","litwick",55,3,31,"litwick","fire","ghost",20,0,55,0,65,1,55,0,30,0,50,0,FALSE
"608","lampent",130,6,130,"lampent","fire","ghost",55,0,60,0,95,2,60,0,40,0,60,0,FALSE
"609","chandelure",234,10,343,"chandelure","fire","ghost",80,0,90,0,145,3,90,0,55,0,60,0,FALSE
"610","axew",64,6,180,"axew","dragon",NA,57,0,40,0,30,0,60,0,87,1,46,0,FALSE
"611","fraxure",144,10,360,"fraxure","dragon",NA,67,0,50,0,40,0,70,0,117,2,66,0,FALSE
"612","haxorus",243,18,1055,"haxorus","dragon",NA,97,0,70,0,60,0,90,0,147,3,76,0,FALSE
"613","cubchoo",61,5,85,"cubchoo","ice",NA,40,0,40,0,60,0,40,0,70,1,55,0,FALSE
"614","beartic",177,26,2600,"beartic","ice",NA,50,0,80,0,70,0,80,0,130,2,95,0,FALSE
"615","cryogonal",180,11,1480,"cryogonal","ice",NA,105,0,135,2,95,0,50,0,50,0,80,0,FALSE
"616","shelmet",61,4,77,"shelmet","bug",NA,25,0,65,0,40,0,85,1,40,0,50,0,FALSE
"617","accelgor",173,8,253,"accelgor","bug",NA,145,2,60,0,100,0,40,0,70,0,80,0,FALSE
"618","stunfisk",165,7,110,"stunfisk","electric","ground",32,0,99,0,81,0,84,0,66,0,109,2,FALSE
"619","mienfoo",70,9,200,"mienfoo","fighting",NA,65,0,50,0,55,0,50,0,85,1,45,0,FALSE
"620","mienshao",179,14,355,"mienshao","fighting",NA,105,0,60,0,95,0,60,0,125,2,65,0,FALSE
"621","druddigon",170,16,1390,"druddigon","dragon",NA,48,0,90,0,60,0,90,0,120,2,77,0,FALSE
"622","golett",61,10,920,"golett","ghost","ground",35,0,50,0,35,0,50,0,74,1,59,0,FALSE
"623","golurk",169,28,3300,"golurk","ghost","ground",55,0,80,0,55,0,80,0,124,2,89,0,FALSE
"624","pawniard",68,5,102,"pawniard","steel","dark",60,0,40,0,40,0,70,0,85,1,45,0,FALSE
"625","bisharp",172,16,700,"bisharp","steel","dark",70,0,70,0,60,0,100,0,125,2,65,0,FALSE
"626","bouffalant",172,16,946,"bouffalant","normal",NA,55,0,95,0,40,0,95,0,110,2,95,0,FALSE
"627","rufflet",70,5,105,"rufflet","flying","normal",60,0,50,0,37,0,50,0,83,1,70,0,FALSE
"628","braviary",179,15,410,"braviary","flying","normal",80,0,75,0,57,0,75,0,123,2,100,0,FALSE
"629","vullaby",74,5,90,"vullaby","flying","dark",60,0,65,0,45,0,75,1,55,0,70,0,FALSE
"630","mandibuzz",179,12,395,"mandibuzz","flying","dark",80,0,95,0,55,2,105,0,65,0,110,0,FALSE
"631","heatmor",169,14,580,"heatmor","fire",NA,65,0,66,0,105,2,66,0,97,0,85,0,FALSE
"632","durant",169,3,330,"durant","steel","bug",109,0,48,0,48,0,112,2,109,0,58,0,FALSE
"633","deino",60,8,173,"deino","dragon","dark",38,0,50,0,45,0,50,0,65,1,52,0,FALSE
"634","zweilous",147,14,500,"zweilous","dragon","dark",58,0,70,0,65,0,70,0,85,2,72,0,FALSE
"635","hydreigon",270,18,1600,"hydreigon","dragon","dark",98,0,90,0,125,3,90,0,105,0,92,0,FALSE
"636","larvesta",72,11,288,"larvesta","fire","bug",60,0,55,0,50,0,55,0,85,1,55,0,FALSE
"637","volcarona",248,16,460,"volcarona","fire","bug",100,0,105,0,135,3,65,0,60,0,85,0,FALSE
"638","cobalion",261,21,2500,"cobalion","fighting","steel",108,0,72,0,90,0,129,3,90,0,91,0,TRUE
"639","terrakion",261,19,2600,"terrakion","fighting","rock",108,0,90,0,72,0,90,0,129,3,91,0,TRUE
"640","virizion",261,20,2000,"virizion","fighting","grass",108,0,129,3,90,0,72,0,90,0,91,0,TRUE
"641","tornadus-incarnate",261,15,630,"tornadus","flying",NA,111,0,80,0,125,0,70,0,115,3,79,0,TRUE
"642","thundurus-incarnate",261,15,610,"thundurus","flying","electric",111,0,80,0,125,0,70,0,115,3,79,0,TRUE
"643","reshiram",306,32,3300,"reshiram","fire","dragon",90,0,120,0,150,3,100,0,120,0,100,0,TRUE
"644","zekrom",306,29,3450,"zekrom","electric","dragon",90,0,100,0,120,0,120,0,150,3,100,0,TRUE
"645","landorus-incarnate",270,15,680,"landorus","flying","ground",101,0,80,0,115,3,90,0,125,0,89,0,TRUE
"646","kyurem",297,30,3250,"kyurem","ice","dragon",95,0,90,0,130,1,90,0,130,1,125,1,TRUE
"647","keldeo-ordinary",261,14,485,"keldeo","fighting","water",108,0,90,0,129,3,90,0,72,0,91,0,TRUE
"648","meloetta-aria",270,6,65,"meloetta","psychic","normal",90,1,128,1,128,1,77,0,77,0,100,0,TRUE
"649","genesect",270,15,825,"genesect","steel","bug",99,1,95,0,120,1,95,0,120,1,71,0,TRUE
"650","chespin",63,4,90,"chespin","grass",NA,38,0,45,0,48,0,65,1,61,0,56,0,FALSE
"651","quilladin",142,7,290,"quilladin","grass",NA,57,0,58,0,56,0,95,2,78,0,61,0,FALSE
"652","chesnaught",239,16,900,"chesnaught","fighting","grass",64,0,75,0,74,0,122,3,107,0,88,0,FALSE
"653","fennekin",61,4,94,"fennekin","fire",NA,60,0,60,0,62,1,40,0,45,0,40,0,FALSE
"654","braixen",143,10,145,"braixen","fire",NA,73,0,70,0,90,2,58,0,59,0,59,0,FALSE
"655","delphox",240,15,390,"delphox","psychic","fire",104,0,100,0,114,3,72,0,69,0,75,0,FALSE
"656","froakie",63,3,70,"froakie","water",NA,71,1,44,0,62,0,40,0,56,0,41,0,FALSE
"657","frogadier",142,6,109,"frogadier","water",NA,97,2,56,0,83,0,52,0,63,0,54,0,FALSE
"658","greninja",239,15,400,"greninja","dark","water",122,3,71,0,103,0,67,0,95,0,72,0,FALSE
"659","bunnelby",47,4,50,"bunnelby","normal",NA,57,1,36,0,32,0,38,0,36,0,38,0,FALSE
"660","diggersby",148,10,424,"diggersby","ground","normal",78,0,77,0,50,0,77,0,56,0,85,2,FALSE
"661","fletchling",56,3,17,"fletchling","flying","normal",62,1,38,0,40,0,43,0,50,0,45,0,FALSE
"662","fletchinder",134,7,160,"fletchinder","flying","fire",84,2,52,0,56,0,55,0,73,0,62,0,FALSE
"663","talonflame",175,12,245,"talonflame","flying","fire",126,3,69,0,74,0,71,0,81,0,78,0,FALSE
"664","scatterbug",40,3,25,"scatterbug","bug",NA,35,0,25,0,27,0,40,1,35,0,38,0,FALSE
"665","spewpa",75,3,84,"spewpa","bug",NA,29,0,30,0,27,0,60,2,22,0,45,0,FALSE
"666","vivillon",185,12,170,"vivillon","flying","bug",89,1,50,0,90,1,50,0,52,0,80,1,FALSE
"667","litleo",74,6,135,"litleo","normal","fire",72,0,54,0,73,1,58,0,50,0,62,0,FALSE
"668","pyroar",177,15,815,"pyroar","normal","fire",106,0,66,0,109,2,72,0,68,0,86,0,FALSE
"669","flabebe",61,1,1,"flabebe","fairy",NA,42,0,79,1,61,0,39,0,38,0,44,0,FALSE
"670","floette",130,2,9,"floette","fairy",NA,52,0,98,2,75,0,47,0,45,0,54,0,FALSE
"671","florges",248,11,100,"florges","fairy",NA,75,0,154,3,112,0,68,0,65,0,78,0,FALSE
"672","skiddo",70,9,310,"skiddo","grass",NA,52,0,57,0,62,0,48,0,65,0,66,1,FALSE
"673","gogoat",186,17,910,"gogoat","grass",NA,68,0,81,0,97,0,62,0,100,0,123,2,FALSE
"674","pancham",70,6,80,"pancham","fighting",NA,43,0,48,0,46,0,62,0,82,1,67,0,FALSE
"675","pangoro",173,21,1360,"pangoro","dark","fighting",58,0,71,0,69,0,78,0,124,2,95,0,FALSE
"676","furfrou",165,12,280,"furfrou","normal",NA,102,1,90,0,65,0,60,0,80,0,75,0,FALSE
"677","espurr",71,3,35,"espurr","psychic",NA,68,1,60,0,63,0,54,0,48,0,62,0,FALSE
"678","meowstic-male",163,6,85,"meowstic","psychic",NA,104,2,81,0,83,0,76,0,48,0,74,0,FALSE
"679","honedge",65,8,20,"honedge","ghost","steel",28,0,37,0,35,0,100,1,80,0,45,0,FALSE
"680","doublade",157,8,45,"doublade","ghost","steel",35,0,49,0,45,0,150,2,110,0,59,0,FALSE
"681","aegislash-shield",234,17,530,"aegislash","ghost","steel",60,0,150,1,50,0,150,2,50,0,60,0,FALSE
"682","spritzee",68,2,5,"spritzee","fairy",NA,23,0,65,0,63,0,60,0,52,0,78,1,FALSE
"683","aromatisse",162,8,155,"aromatisse","fairy",NA,29,0,89,0,99,0,72,0,72,0,101,2,FALSE
"684","swirlix",68,4,35,"swirlix","fairy",NA,49,0,57,0,59,0,66,1,48,0,62,0,FALSE
"685","slurpuff",168,8,50,"slurpuff","fairy",NA,72,0,75,0,85,0,86,2,80,0,82,0,FALSE
"686","inkay",58,4,35,"inkay","psychic","dark",45,0,46,0,37,0,53,0,54,1,53,0,FALSE
"687","malamar",169,15,470,"malamar","psychic","dark",73,0,75,0,68,0,88,0,92,2,86,0,FALSE
"688","binacle",61,5,310,"binacle","water","rock",50,0,56,0,39,0,67,0,52,1,42,0,FALSE
"689","barbaracle",175,13,960,"barbaracle","water","rock",68,0,86,0,54,0,115,0,105,2,72,0,FALSE
"690","skrelp",64,5,73,"skrelp","water","poison",30,0,60,1,60,0,60,0,60,0,50,0,FALSE
"691","dragalge",173,18,815,"dragalge","dragon","poison",44,0,123,2,97,0,90,0,75,0,65,0,FALSE
"692","clauncher",66,5,83,"clauncher","water",NA,44,0,63,0,58,1,62,0,53,0,50,0,FALSE
"693","clawitzer",100,13,353,"clawitzer","water",NA,59,0,89,0,120,2,88,0,73,0,71,0,FALSE
"694","helioptile",58,5,60,"helioptile","normal","electric",70,1,43,0,61,0,33,0,38,0,44,0,FALSE
"695","heliolisk",168,10,210,"heliolisk","normal","electric",109,1,94,0,109,1,52,0,55,0,62,0,FALSE
"696","tyrunt",72,8,260,"tyrunt","dragon","rock",48,0,45,0,45,0,77,0,89,1,58,0,FALSE
"697","tyrantrum",182,25,2700,"tyrantrum","dragon","rock",71,0,59,0,69,0,119,0,121,2,82,0,FALSE
"698","amaura",72,13,252,"amaura","ice","rock",46,0,63,0,67,0,50,0,59,0,77,1,FALSE
"699","aurorus",104,27,2250,"aurorus","ice","rock",58,0,92,0,99,0,72,0,77,0,123,2,FALSE
"700","sylveon",184,10,235,"sylveon","fairy",NA,60,0,130,2,110,0,65,0,65,0,95,0,FALSE
"701","hawlucha",175,8,215,"hawlucha","flying","fighting",118,0,63,0,74,0,75,0,92,2,78,0,FALSE
"702","dedenne",151,2,22,"dedenne","fairy","electric",101,2,67,0,81,0,57,0,58,0,67,0,FALSE
"703","carbink",100,3,57,"carbink","fairy","rock",50,0,150,1,50,0,150,1,50,0,50,0,FALSE
"704","goomy",60,3,28,"goomy","dragon",NA,40,0,75,1,55,0,35,0,50,0,45,0,FALSE
"705","sliggoo",158,8,175,"sliggoo","dragon",NA,60,0,113,2,83,0,53,0,75,0,68,0,FALSE
"706","goodra",270,20,1505,"goodra","dragon",NA,80,0,150,3,110,0,70,0,100,0,90,0,FALSE
"707","klefki",165,2,30,"klefki","fairy","steel",75,0,87,0,80,0,91,1,80,0,57,0,FALSE
"708","phantump",62,4,70,"phantump","grass","ghost",38,0,60,0,50,0,48,0,70,1,43,0,FALSE
"709","trevenant",166,15,710,"trevenant","grass","ghost",56,0,82,0,65,0,76,0,110,2,85,0,FALSE
"710","pumpkaboo-average",67,4,50,"pumpkaboo","grass","ghost",51,0,55,0,44,0,70,1,66,0,49,0,FALSE
"711","gourgeist-average",173,9,125,"gourgeist","grass","ghost",84,0,75,0,58,0,122,2,90,0,65,0,FALSE
"712","bergmite",61,10,995,"bergmite","ice",NA,28,0,35,0,32,0,85,1,69,0,55,0,FALSE
"713","avalugg",180,20,5050,"avalugg","ice",NA,28,0,46,0,44,0,184,2,117,0,95,0,FALSE
"714","noibat",49,5,80,"noibat","dragon","flying",55,1,40,0,45,0,35,0,30,0,40,0,FALSE
"715","noivern",187,15,850,"noivern","dragon","flying",123,2,80,0,97,0,80,0,70,0,85,0,FALSE
"716","xerneas",306,30,2150,"xerneas","fairy",NA,99,0,98,0,131,0,95,0,131,0,126,3,TRUE
"717","yveltal",306,58,2030,"yveltal","flying","dark",99,0,98,0,131,0,95,0,131,0,126,3,TRUE
"718","zygarde",270,50,3050,"zygarde","ground","dragon",95,0,95,0,81,0,121,0,100,0,108,3,TRUE
"719","diancie",270,7,88,"diancie","fairy","rock",50,0,150,2,100,0,150,1,100,0,50,0,TRUE
"720","hoopa",270,5,90,"hoopa","ghost","psychic",70,0,130,0,150,3,60,0,110,0,80,0,TRUE
"721","volcanion",270,17,1950,"volcanion","water","fire",70,0,90,0,130,3,120,0,110,0,80,0,TRUE
"722","rowlet",64,3,15,"rowlet","flying","grass",42,0,50,0,50,0,55,0,55,0,68,1,FALSE
"723","dartrix",147,7,160,"dartrix","flying","grass",52,0,70,0,70,0,75,0,75,0,78,2,FALSE
"724","decidueye",239,16,366,"decidueye","ghost","grass",70,0,100,0,100,0,75,0,107,3,78,0,FALSE
"725","litten",64,4,43,"litten","fire",NA,70,1,40,0,60,0,40,0,65,0,45,0,FALSE
"726","torracat",147,7,250,"torracat","fire",NA,90,2,50,0,80,0,50,0,85,0,65,0,FALSE
"727","incineroar",239,18,830,"incineroar","dark","fire",60,0,90,0,80,0,90,0,115,3,95,0,FALSE
"728","popplio",64,4,75,"popplio","water",NA,40,0,56,0,66,1,54,0,54,0,50,0,FALSE
"729","brionne",147,6,175,"brionne","water",NA,50,0,81,0,91,2,69,0,69,0,60,0,FALSE
"730","primarina",239,18,440,"primarina","fairy","water",60,0,116,0,126,3,74,0,74,0,80,0,FALSE
"731","pikipek",53,3,12,"pikipek","flying","normal",65,0,30,0,30,0,30,0,75,1,35,0,FALSE
"732","trumbeak",124,6,148,"trumbeak","flying","normal",75,0,50,0,40,0,50,0,85,2,55,0,FALSE
"733","toucannon",218,11,260,"toucannon","flying","normal",60,0,75,0,75,0,75,0,120,3,80,0,FALSE
"734","yungoos",51,4,60,"yungoos","normal",NA,45,0,30,0,30,0,30,0,70,1,48,0,FALSE
"735","gumshoos",146,7,142,"gumshoos","normal",NA,45,0,60,0,55,0,60,0,110,2,88,0,FALSE
"736","grubbin",60,4,44,"grubbin","bug",NA,46,0,45,0,55,0,45,0,62,1,47,0,FALSE
"737","charjabug",140,5,105,"charjabug","electric","bug",36,0,75,0,55,0,95,2,82,0,57,0,FALSE
"738","vikavolt",225,15,450,"vikavolt","electric","bug",43,0,75,0,145,3,90,0,70,0,77,0,FALSE
"739","crabrawler",68,6,70,"crabrawler","fighting",NA,63,0,47,0,42,0,57,0,82,1,47,0,FALSE
"740","crabominable",167,17,1800,"crabominable","ice","fighting",43,0,67,0,62,0,77,0,132,2,97,0,FALSE
"741","oricorio-baile",167,6,34,"oricorio","flying","fire",93,0,70,0,98,2,70,0,70,0,75,0,FALSE
"742","cutiefly",61,1,2,"cutiefly","fairy","bug",84,1,40,0,55,0,40,0,45,0,40,0,FALSE
"743","ribombee",162,2,5,"ribombee","fairy","bug",124,2,70,0,95,0,60,0,55,0,60,0,FALSE
"744","rockruff",56,5,92,"rockruff","rock",NA,60,0,40,0,30,0,40,0,65,1,45,0,FALSE
"745","lycanroc-midday",170,8,250,"lycanroc","rock",NA,112,0,65,0,55,0,65,0,115,2,75,0,FALSE
"746","wishiwashi-solo",61,2,3,"wishiwashi","water",NA,40,0,25,0,25,0,20,0,20,0,45,1,FALSE
"747","mareanie",61,4,80,"mareanie","water","poison",45,0,52,0,43,0,62,1,53,0,50,0,FALSE
"748","toxapex",173,7,145,"toxapex","water","poison",35,0,142,0,53,0,152,2,63,0,50,0,FALSE
"749","mudbray",77,10,1100,"mudbray","ground",NA,45,0,55,0,45,0,70,0,100,1,70,0,FALSE
"750","mudsdale",175,25,9200,"mudsdale","ground",NA,35,0,85,0,55,0,100,0,125,2,100,0,FALSE
"751","dewpider",54,3,40,"dewpider","bug","water",27,0,72,1,40,0,52,0,40,0,38,0,FALSE
"752","araquanid",159,18,820,"araquanid","bug","water",42,0,132,2,50,0,92,0,70,0,68,0,FALSE
"753","fomantis",50,3,15,"fomantis","grass",NA,35,0,35,0,50,0,35,0,55,1,40,0,FALSE
"754","lurantis",168,9,185,"lurantis","grass",NA,45,0,90,0,80,0,90,0,105,2,70,0,FALSE
"755","morelull",57,2,15,"morelull","fairy","grass",15,0,75,1,65,0,55,0,35,0,40,0,FALSE
"756","shiinotic",142,10,115,"shiinotic","fairy","grass",30,0,100,2,90,0,80,0,45,0,60,0,FALSE
"757","salandit",64,6,48,"salandit","fire","poison",77,1,40,0,71,0,40,0,44,0,48,0,FALSE
"758","salazzle",168,12,222,"salazzle","fire","poison",117,2,60,0,111,0,60,0,64,0,68,0,FALSE
"759","stufful",68,5,68,"stufful","fighting","normal",50,0,50,0,45,0,50,0,75,1,70,0,FALSE
"760","bewear",175,21,1350,"bewear","fighting","normal",60,0,60,0,55,0,80,0,125,2,120,0,FALSE
"761","bounsweet",42,3,32,"bounsweet","grass",NA,32,0,38,0,30,0,38,0,30,0,42,1,FALSE
"762","steenee",102,7,82,"steenee","grass",NA,62,2,48,0,40,0,48,0,40,0,52,0,FALSE
"763","tsareena",230,12,214,"tsareena","grass",NA,72,0,98,0,50,0,98,0,120,3,72,0,FALSE
"764","comfey",170,1,3,"comfey","fairy",NA,100,0,110,2,82,0,90,0,52,0,51,0,FALSE
"765","oranguru",172,15,760,"oranguru","psychic","normal",60,0,110,2,90,0,80,0,60,0,90,0,FALSE
"766","passimian",172,20,828,"passimian","fighting",NA,80,0,60,0,40,0,90,0,120,2,100,0,FALSE
"767","wimpod",46,5,120,"wimpod","water","bug",80,1,30,0,20,0,40,0,35,0,25,0,FALSE
"768","golisopod",186,20,1080,"golisopod","water","bug",40,0,90,0,60,0,140,2,125,0,75,0,FALSE
"769","sandygast",64,5,700,"sandygast","ground","ghost",15,0,45,0,70,0,80,1,55,0,55,0,FALSE
"770","palossand",168,13,2500,"palossand","ground","ghost",35,0,75,0,100,0,110,2,75,0,85,0,FALSE
"771","pyukumuku",144,3,12,"pyukumuku","water",NA,5,0,130,2,30,0,130,0,60,0,55,0,FALSE
"772","type-null",107,19,1205,"type-null","normal",NA,59,0,95,0,95,0,95,0,95,0,95,2,FALSE
"773","silvally",257,23,1005,"silvally","normal",NA,95,0,95,0,95,0,95,0,95,0,95,3,TRUE
"774","minior-red-meteor",154,3,400,"minior","flying","rock",60,0,100,1,60,0,100,1,60,0,60,0,FALSE
"775","komala",168,4,199,"komala","normal",NA,65,0,95,0,75,0,65,0,115,2,65,0,FALSE
"776","turtonator",170,20,2120,"turtonator","dragon","fire",36,0,85,0,91,0,135,2,78,0,60,0,FALSE
"777","togedemaru",152,3,33,"togedemaru","steel","electric",96,0,73,0,40,0,63,0,98,2,65,0,FALSE
"778","mimikyu-disguised",167,2,7,"mimikyu","fairy","ghost",96,0,105,2,50,0,80,0,90,0,55,0,FALSE
"779","bruxish",166,9,190,"bruxish","psychic","water",92,0,70,0,70,0,70,0,105,2,68,0,FALSE
"780","drampa",170,30,1850,"drampa","dragon","normal",36,0,91,0,135,2,85,0,60,0,78,0,FALSE
"781","dhelmise",181,39,2100,"dhelmise","grass","ghost",40,0,90,0,86,0,100,0,131,2,70,0,FALSE
"782","jangmo-o",60,6,297,"jangmo-o","dragon",NA,45,0,45,0,45,0,65,1,55,0,45,0,FALSE
"783","hakamo-o",147,12,470,"hakamo-o","fighting","dragon",65,0,70,0,65,0,90,2,75,0,55,0,FALSE
"784","kommo-o",270,16,782,"kommo-o","fighting","dragon",85,0,105,0,100,0,125,3,110,0,75,0,FALSE
"785","tapu-koko",257,18,205,"tapu-koko","fairy","electric",130,3,75,0,95,0,85,0,115,0,70,0,FALSE
"786","tapu-lele",257,12,186,"tapu-lele","fairy","psychic",95,0,115,0,130,3,75,0,85,0,70,0,FALSE
"787","tapu-bulu",257,19,455,"tapu-bulu","fairy","grass",75,0,95,0,85,0,115,0,130,3,70,0,FALSE
"788","tapu-fini",257,13,212,"tapu-fini","fairy","water",85,0,130,3,95,0,115,0,75,0,70,0,FALSE
"789","cosmog",40,2,1,"cosmog","psychic",NA,37,0,31,0,29,0,31,0,29,0,43,1,TRUE
"790","cosmoem",140,1,9999,"cosmoem","psychic",NA,37,0,131,1,29,0,131,1,29,0,43,0,TRUE
"791","solgaleo",306,34,2300,"solgaleo","steel","psychic",97,0,89,0,113,0,107,0,137,3,137,0,TRUE
"792","lunala",306,40,1200,"lunala","ghost","psychic",97,0,107,0,137,3,89,0,113,0,137,0,TRUE
"793","nihilego",257,12,555,"nihilego","poison","rock",103,0,131,3,127,0,47,0,53,0,109,0,TRUE
"794","buzzwole",257,24,3336,"buzzwole","fighting","bug",79,0,53,0,53,0,139,2,139,1,107,0,TRUE
"795","pheromosa",257,18,250,"pheromosa","fighting","bug",151,3,37,0,137,0,37,0,137,0,71,0,TRUE
"796","xurkitree",257,38,1000,"xurkitree","electric",NA,83,0,71,0,173,3,71,0,89,0,83,0,TRUE
"797","celesteela",257,92,9999,"celesteela","flying","steel",61,0,101,0,107,1,103,1,101,1,97,0,TRUE
"798","kartana",257,3,1,"kartana","steel","grass",109,0,31,0,59,0,131,0,181,3,59,0,TRUE
"799","guzzlord",257,55,8880,"guzzlord","dragon","dark",43,0,53,0,97,0,53,0,101,0,223,3,TRUE
"800","necrozma",270,24,2300,"necrozma","psychic",NA,79,0,89,0,127,2,101,0,107,1,97,0,TRUE
"801","magearna",270,10,805,"magearna","fairy","steel",65,0,115,0,130,3,115,0,95,0,80,0,TRUE
"802","marshadow",270,7,222,"marshadow","ghost","fighting",125,1,90,0,90,0,80,0,125,2,90,0,TRUE
"803","poipole",189,6,18,"poipole","poison",NA,73,1,67,0,73,0,67,0,73,0,67,0,TRUE
"804","naganadel",243,36,1500,"naganadel","dragon","poison",121,0,73,0,127,3,73,0,73,0,73,0,TRUE
"805","stakataka",257,55,8200,"stakataka","steel","rock",13,0,101,0,53,0,211,3,131,0,61,0,TRUE
"806","blacephalon",257,18,130,"blacephalon","ghost","fire",107,0,79,0,151,3,53,0,127,0,53,0,TRUE
"807","zeraora",270,15,445,"zeraora","electric",NA,143,3,80,0,102,0,75,0,112,0,88,0,TRUE
"808","deoxys-attack",270,17,608,"deoxys","psychic",NA,150,0,20,0,180,1,20,0,180,2,50,0,TRUE
"809","deoxys-defense",270,17,608,"deoxys","psychic",NA,90,0,160,1,70,0,160,2,70,0,50,0,TRUE
"810","deoxys-speed",270,17,608,"deoxys","psychic",NA,180,3,90,0,95,0,90,0,95,0,50,0,TRUE
"811","wormadam-sandy",148,5,65,"wormadam","ground","bug",36,0,85,0,59,0,105,2,79,0,60,0,FALSE
"812","wormadam-trash",148,5,65,"wormadam","steel","bug",36,0,95,1,69,0,95,1,69,0,60,0,FALSE
"813","shaymin-sky",270,4,52,"shaymin","flying","grass",127,3,75,0,120,0,75,0,103,0,100,0,TRUE
"814","giratina-origin",306,69,6500,"giratina","dragon","ghost",90,0,100,0,120,0,100,0,120,0,150,3,TRUE
"815","rotom-heat",182,3,3,"rotom","fire","electric",86,1,107,0,105,1,107,0,65,0,50,0,FALSE
"816","rotom-wash",182,3,3,"rotom","water","electric",86,1,107,0,105,1,107,0,65,0,50,0,FALSE
"817","rotom-frost",182,3,3,"rotom","ice","electric",86,1,107,0,105,1,107,0,65,0,50,0,FALSE
"818","rotom-fan",182,3,3,"rotom","flying","electric",86,1,107,0,105,1,107,0,65,0,50,0,FALSE
"819","rotom-mow",182,3,3,"rotom","grass","electric",86,1,107,0,105,1,107,0,65,0,50,0,FALSE
"820","castform-sunny",147,3,8,"castform","fire",NA,70,0,70,0,70,0,70,0,70,0,70,1,FALSE
"821","castform-rainy",147,3,8,"castform","water",NA,70,0,70,0,70,0,70,0,70,0,70,1,FALSE
"822","castform-snowy",147,3,8,"castform","ice",NA,70,0,70,0,70,0,70,0,70,0,70,1,FALSE
"823","basculin-blue-striped",161,10,180,"basculin","water",NA,98,2,55,0,80,0,65,0,92,0,70,0,FALSE
"824","darmanitan-zen",189,13,929,"darmanitan","psychic","fire",55,0,105,0,140,2,105,0,30,0,105,0,FALSE
"825","meloetta-pirouette",270,6,65,"meloetta","fighting","normal",128,1,77,0,77,0,90,1,128,1,100,0,TRUE
"826","tornadus-therian",261,14,630,"tornadus","flying",NA,121,3,90,0,110,0,80,0,100,0,79,0,TRUE
"827","thundurus-therian",261,30,610,"thundurus","flying","electric",101,0,80,0,145,3,70,0,105,0,79,0,TRUE
"828","landorus-therian",270,13,680,"landorus","flying","ground",91,0,80,0,105,0,90,0,145,3,89,0,TRUE
"829","kyurem-black",315,33,3250,"kyurem","ice","dragon",95,0,90,0,120,0,100,0,170,3,125,0,TRUE
"830","kyurem-white",315,36,3250,"kyurem","ice","dragon",95,0,100,0,170,3,90,0,120,0,125,0,TRUE
"831","keldeo-resolute",261,14,485,"keldeo","fighting","water",108,0,90,0,129,3,90,0,72,0,91,0,TRUE
"832","meowstic-female",163,6,85,"meowstic","psychic",NA,104,2,81,0,83,0,76,0,48,0,74,0,FALSE
"833","aegislash-blade",234,17,530,"aegislash","ghost","steel",60,0,50,0,150,1,50,0,150,2,60,0,FALSE
"834","pumpkaboo-small",67,3,35,"pumpkaboo","grass","ghost",56,0,55,0,44,0,70,1,66,0,44,0,FALSE
"835","pumpkaboo-large",67,5,75,"pumpkaboo","grass","ghost",46,0,55,0,44,0,70,1,66,0,54,0,FALSE
"836","pumpkaboo-super",67,8,150,"pumpkaboo","grass","ghost",41,0,55,0,44,0,70,1,66,0,59,0,FALSE
"837","gourgeist-small",173,7,95,"gourgeist","grass","ghost",99,0,75,0,58,0,122,2,85,0,55,0,FALSE
"838","gourgeist-large",173,11,140,"gourgeist","grass","ghost",69,0,75,0,58,0,122,2,95,0,75,0,FALSE
"839","gourgeist-super",173,17,390,"gourgeist","grass","ghost",54,0,75,0,58,0,122,2,100,0,85,0,FALSE
"840","venusaur-mega",281,24,1555,"venusaur","poison","grass",80,0,120,1,122,2,123,0,100,0,80,0,FALSE
"841","charizard-mega-x",285,17,1105,"charizard","dragon","fire",100,0,85,0,130,3,111,0,130,0,78,0,FALSE
"842","charizard-mega-y",285,17,1005,"charizard","flying","fire",100,0,115,0,159,3,78,0,104,0,78,0,FALSE
"843","blastoise-mega",284,16,1011,"blastoise","water",NA,78,0,115,3,135,0,120,0,103,0,79,0,FALSE
"844","alakazam-mega",270,12,480,"alakazam","psychic",NA,150,0,105,0,175,3,65,0,50,0,55,0,FALSE
"845","gengar-mega",270,14,405,"gengar","poison","ghost",130,0,95,0,170,3,80,0,65,0,60,0,FALSE
"846","kangaskhan-mega",207,22,1000,"kangaskhan","normal",NA,100,0,100,0,60,0,100,0,125,0,105,2,FALSE
"847","pinsir-mega",210,17,590,"pinsir","flying","bug",105,0,90,0,65,0,120,0,155,2,65,0,FALSE
"848","gyarados-mega",224,65,3050,"gyarados","dark","water",81,0,130,0,70,0,109,0,155,2,95,0,FALSE
"849","aerodactyl-mega",215,21,790,"aerodactyl","flying","rock",150,2,95,0,70,0,85,0,135,0,80,0,FALSE
"850","mewtwo-mega-x",351,23,1270,"mewtwo","fighting","psychic",130,0,100,0,154,3,100,0,190,0,106,0,TRUE
"851","mewtwo-mega-y",351,15,330,"mewtwo","psychic",NA,140,0,120,0,194,3,70,0,150,0,106,0,TRUE
"852","ampharos-mega",275,14,615,"ampharos","dragon","electric",45,0,110,0,165,3,105,0,95,0,90,0,FALSE
"853","scizor-mega",210,20,1250,"scizor","steel","bug",75,0,100,0,65,0,140,0,150,2,70,0,FALSE
"854","heracross-mega",210,17,625,"heracross","fighting","bug",75,0,105,0,40,0,115,0,185,2,80,0,FALSE
"855","houndoom-mega",210,19,495,"houndoom","fire","dark",115,0,90,0,140,2,90,0,90,0,75,0,FALSE
"856","tyranitar-mega",315,25,2550,"tyranitar","dark","rock",71,0,120,0,95,0,150,0,164,3,100,0,FALSE
"857","blaziken-mega",284,19,520,"blaziken","fighting","fire",100,0,80,0,130,0,80,0,160,3,80,0,FALSE
"858","gardevoir-mega",278,16,484,"gardevoir","fairy","psychic",100,0,135,0,165,3,65,0,85,0,68,0,FALSE
"859","mawile-mega",168,10,235,"mawile","fairy","steel",50,0,95,0,55,0,125,1,105,1,50,0,FALSE
"860","aggron-mega",284,22,3950,"aggron","steel",NA,50,0,80,0,60,0,230,3,140,0,70,0,FALSE
"861","medicham-mega",179,13,315,"medicham","psychic","fighting",100,2,85,0,80,0,85,0,100,0,60,0,FALSE
"862","manectric-mega",201,18,440,"manectric","electric",NA,135,2,80,0,135,0,80,0,75,0,70,0,FALSE
"863","banette-mega",194,12,130,"banette","ghost",NA,75,0,83,0,93,0,75,0,165,2,64,0,FALSE
"864","absol-mega",198,12,490,"absol","dark",NA,115,0,60,0,115,0,60,0,150,2,65,0,FALSE
"865","garchomp-mega",315,19,950,"garchomp","ground","dragon",92,0,95,0,120,0,115,0,170,3,108,0,FALSE
"866","lucario-mega",219,13,575,"lucario","steel","fighting",112,0,70,0,140,1,88,0,145,1,70,0,FALSE
"867","abomasnow-mega",208,27,1850,"abomasnow","ice","grass",30,0,105,0,132,1,105,0,132,1,90,0,FALSE
"868","floette-eternal",243,2,9,"floette","fairy",NA,92,0,128,2,125,0,67,0,65,0,74,0,FALSE
"869","latias-mega",315,18,520,"latias","psychic","dragon",110,0,150,3,140,0,120,0,100,0,80,0,TRUE
"870","latios-mega",315,23,700,"latios","psychic","dragon",110,0,120,0,160,3,100,0,130,0,80,0,TRUE
"871","swampert-mega",286,19,1020,"swampert","ground","water",70,0,110,0,95,0,110,0,150,3,100,0,FALSE
"872","sceptile-mega",284,19,552,"sceptile","dragon","grass",145,3,85,0,145,0,75,0,110,0,70,0,FALSE
"873","sableye-mega",168,5,1610,"sableye","ghost","dark",20,0,115,0,85,0,125,1,85,1,50,0,FALSE
"874","altaria-mega",207,15,206,"altaria","fairy","dragon",80,0,105,2,110,0,110,0,110,0,75,0,FALSE
"875","gallade-mega",278,16,564,"gallade","fighting","psychic",110,0,115,0,65,0,95,0,165,3,68,0,FALSE
"876","audino-mega",425,15,320,"audino","fairy","normal",50,0,126,0,80,0,126,0,60,0,103,2,FALSE
"877","sharpedo-mega",196,25,1303,"sharpedo","dark","water",105,0,65,0,110,0,70,0,140,2,70,0,FALSE
"878","slowbro-mega",207,20,1200,"slowbro","psychic","water",30,0,80,0,130,0,180,2,75,0,95,0,FALSE
"879","steelix-mega",214,105,7400,"steelix","ground","steel",30,0,95,0,55,0,230,2,125,0,75,0,FALSE
"880","pidgeot-mega",261,22,505,"pidgeot","flying","normal",121,3,80,0,135,0,80,0,80,0,83,0,FALSE
"881","glalie-mega",203,21,3502,"glalie","ice",NA,100,0,80,0,120,0,80,0,120,0,80,2,FALSE
"882","diancie-mega",315,11,278,"diancie","fairy","rock",110,0,110,2,160,0,110,1,160,0,50,0,TRUE
"883","metagross-mega",315,25,9429,"metagross","psychic","steel",110,0,110,0,105,0,150,3,145,0,80,0,FALSE
"884","kyogre-primal",347,98,4300,"kyogre","water",NA,90,0,160,0,180,3,90,0,150,0,100,0,TRUE
"885","groudon-primal",347,50,9997,"groudon","fire","ground",90,0,90,0,150,0,160,0,180,3,100,0,TRUE
"886","rayquaza-mega",351,108,3920,"rayquaza","flying","dragon",115,0,100,0,180,1,100,0,180,2,105,0,TRUE
"887","pikachu-rock-star",112,4,60,"pikachu","electric",NA,90,2,50,0,50,0,40,0,55,0,35,0,FALSE
"888","pikachu-belle",112,4,60,"pikachu","electric",NA,90,2,50,0,50,0,40,0,55,0,35,0,FALSE
"889","pikachu-pop-star",112,4,60,"pikachu","electric",NA,90,2,50,0,50,0,40,0,55,0,35,0,FALSE
"890","pikachu-phd",112,4,60,"pikachu","electric",NA,90,2,50,0,50,0,40,0,55,0,35,0,FALSE
"891","pikachu-libre",112,4,60,"pikachu","electric",NA,90,2,50,0,50,0,40,0,55,0,35,0,FALSE
"892","pikachu-cosplay",112,4,60,"pikachu","electric",NA,90,2,50,0,50,0,40,0,55,0,35,0,FALSE
"893","hoopa-unbound",306,65,4900,"hoopa","dark","psychic",80,0,130,0,170,3,60,0,160,0,80,0,TRUE
"894","camerupt-mega",196,25,3205,"camerupt","ground","fire",20,0,105,0,145,1,100,0,120,1,70,0,FALSE
"895","lopunny-mega",203,13,283,"lopunny","fighting","normal",135,2,96,0,54,0,94,0,136,0,65,0,FALSE
"896","salamence-mega",315,18,1126,"salamence","flying","dragon",120,0,90,0,120,0,130,0,145,3,95,0,FALSE
"897","beedrill-mega",223,14,405,"beedrill","poison","bug",145,0,80,1,15,0,40,0,150,2,65,0,FALSE
"898","rattata-alola",51,3,38,"rattata","normal","dark",72,1,35,0,25,0,35,0,56,0,30,0,FALSE
"899","raticate-alola",145,7,255,"raticate","normal","dark",77,2,80,0,40,0,70,0,71,0,75,0,FALSE
"900","raticate-totem-alola",145,14,1050,"raticate","normal","dark",77,2,80,0,40,0,70,0,71,0,75,0,FALSE
"901","pikachu-original-cap",112,4,60,"pikachu","electric",NA,90,2,50,0,50,0,40,0,55,0,35,0,FALSE
"902","pikachu-hoenn-cap",112,4,60,"pikachu","electric",NA,90,2,50,0,50,0,40,0,55,0,35,0,FALSE
"903","pikachu-sinnoh-cap",112,4,60,"pikachu","electric",NA,90,2,50,0,50,0,40,0,55,0,35,0,FALSE
"904","pikachu-unova-cap",112,4,60,"pikachu","electric",NA,90,2,50,0,50,0,40,0,55,0,35,0,FALSE
"905","pikachu-kalos-cap",112,4,60,"pikachu","electric",NA,90,2,50,0,50,0,40,0,55,0,35,0,FALSE
"906","pikachu-alola-cap",112,4,60,"pikachu","electric",NA,90,2,50,0,50,0,40,0,55,0,35,0,FALSE
"907","raichu-alola",218,7,210,"raichu","psychic","electric",110,3,85,0,95,0,50,0,85,0,60,0,FALSE
"908","sandshrew-alola",60,7,400,"sandshrew","steel","ice",40,0,35,0,10,0,90,1,75,0,50,0,FALSE
"909","sandslash-alola",158,12,550,"sandslash","steel","ice",65,0,65,0,25,0,120,2,100,0,75,0,FALSE
"910","vulpix-alola",60,6,99,"vulpix","ice",NA,65,1,65,0,50,0,40,0,41,0,38,0,FALSE
"911","ninetales-alola",177,11,199,"ninetales","fairy","ice",109,2,100,0,81,0,75,0,67,0,73,0,FALSE
"912","diglett-alola",53,2,10,"diglett","steel","ground",90,1,45,0,35,0,30,0,55,0,10,0,FALSE
"913","dugtrio-alola",149,7,666,"dugtrio","steel","ground",110,0,70,0,50,0,60,0,100,2,35,0,FALSE
"914","meowth-alola",58,4,42,"meowth","dark",NA,90,1,40,0,50,0,35,0,35,0,40,0,FALSE
"915","persian-alola",154,11,330,"persian","dark",NA,115,2,65,0,75,0,60,0,60,0,65,0,FALSE
"916","geodude-alola",60,4,203,"geodude","electric","rock",20,0,30,0,30,0,100,1,80,0,40,0,FALSE
"917","graveler-alola",137,10,1100,"graveler","electric","rock",35,0,45,0,45,0,115,2,95,0,55,0,FALSE
"918","golem-alola",223,17,3160,"golem","electric","rock",45,0,65,0,55,0,130,3,120,0,80,0,FALSE
"919","grimer-alola",65,7,420,"grimer","dark","poison",25,0,50,0,40,0,50,0,80,0,80,1,FALSE
"920","muk-alola",175,10,520,"muk","dark","poison",50,0,100,0,65,0,75,0,105,1,105,1,FALSE
"921","exeggutor-alola",186,109,4156,"exeggutor","dragon","grass",45,0,75,0,125,2,85,0,105,0,95,0,FALSE
"922","marowak-alola",149,10,340,"marowak","ghost","fire",45,0,80,0,50,0,110,2,80,0,60,0,FALSE
"923","greninja-battle-bond",239,15,400,"greninja","dark","water",122,3,71,0,103,0,67,0,95,0,72,0,FALSE
"924","greninja-ash",288,15,400,"greninja","dark","water",132,3,71,0,153,0,67,0,145,0,72,0,FALSE
"925","zygarde-10",219,12,335,"zygarde","ground","dragon",115,0,85,0,61,0,71,0,100,0,54,3,TRUE
"926","zygarde-50",270,50,3050,"zygarde","ground","dragon",95,0,95,0,81,0,121,0,100,0,108,3,TRUE
"927","zygarde-complete",319,45,6100,"zygarde","ground","dragon",85,0,95,0,91,0,121,0,100,0,216,3,TRUE
"928","gumshoos-totem",146,14,600,"gumshoos","normal",NA,45,0,60,0,55,0,60,0,110,2,88,0,FALSE
"929","vikavolt-totem",225,26,1475,"vikavolt","electric","bug",43,0,75,0,145,3,90,0,70,0,77,0,FALSE
"930","oricorio-pom-pom",167,6,34,"oricorio","flying","electric",93,0,70,0,98,2,70,0,70,0,75,0,FALSE
"931","oricorio-pau",167,6,34,"oricorio","flying","psychic",93,0,70,0,98,2,70,0,70,0,75,0,FALSE
"932","oricorio-sensu",167,6,34,"oricorio","flying","ghost",93,0,70,0,98,2,70,0,70,0,75,0,FALSE
"933","lycanroc-midnight",170,11,250,"lycanroc","rock",NA,82,0,75,0,55,0,75,0,115,2,85,0,FALSE
"934","wishiwashi-school",217,82,786,"wishiwashi","water",NA,30,0,135,0,140,0,130,0,140,0,45,1,FALSE
"935","lurantis-totem",168,15,580,"lurantis","grass",NA,45,0,90,0,80,0,90,0,105,2,70,0,FALSE
"936","salazzle-totem",168,21,810,"salazzle","fire","poison",117,2,60,0,111,0,60,0,64,0,68,0,FALSE
"937","minior-orange-meteor",154,3,400,"minior","flying","rock",60,0,100,1,60,0,100,1,60,0,60,0,FALSE
"938","minior-yellow-meteor",154,3,400,"minior","flying","rock",60,0,100,1,60,0,100,1,60,0,60,0,FALSE
"939","minior-green-meteor",154,3,400,"minior","flying","rock",60,0,100,1,60,0,100,1,60,0,60,0,FALSE
"940","minior-blue-meteor",154,3,400,"minior","flying","rock",60,0,100,1,60,0,100,1,60,0,60,0,FALSE
"941","minior-indigo-meteor",154,3,400,"minior","flying","rock",60,0,100,1,60,0,100,1,60,0,60,0,FALSE
"942","minior-violet-meteor",154,3,400,"minior","flying","rock",60,0,100,1,60,0,100,1,60,0,60,0,FALSE
"943","minior-red",175,3,3,"minior","flying","rock",120,0,60,0,100,1,60,0,100,1,60,0,FALSE
"944","minior-orange",175,3,3,"minior","flying","rock",120,0,60,0,100,1,60,0,100,1,60,0,FALSE
"945","minior-yellow",175,3,3,"minior","flying","rock",120,0,60,0,100,1,60,0,100,1,60,0,FALSE
"946","minior-green",175,3,3,"minior","flying","rock",120,0,60,0,100,1,60,0,100,1,60,0,FALSE
"947","minior-blue",175,3,3,"minior","flying","rock",120,0,60,0,100,1,60,0,100,1,60,0,FALSE
"948","minior-indigo",175,3,3,"minior","flying","rock",120,0,60,0,100,1,60,0,100,1,60,0,FALSE
"949","minior-violet",175,3,3,"minior","flying","rock",120,0,60,0,100,1,60,0,100,1,60,0,FALSE
"950","mimikyu-busted",167,2,7,"mimikyu","fairy","ghost",96,0,105,2,50,0,80,0,90,0,55,0,FALSE
"951","mimikyu-totem-disguised",167,4,28,"mimikyu","fairy","ghost",96,0,105,2,50,0,80,0,90,0,55,0,FALSE
"952","mimikyu-totem-busted",167,4,28,"mimikyu","fairy","ghost",96,0,105,2,50,0,80,0,90,0,55,0,FALSE
"953","kommo-o-totem",270,24,2075,"kommo-o","fighting","dragon",85,0,105,0,100,0,125,3,110,0,75,0,FALSE
"954","magearna-original",270,10,805,"magearna","fairy","steel",65,0,115,0,130,3,115,0,95,0,80,0,TRUE
"955","pikachu-partner-cap",112,4,60,"pikachu","electric",NA,90,2,50,0,50,0,40,0,55,0,35,0,FALSE
"956","marowak-totem",149,17,980,"marowak","ghost","fire",45,0,80,0,50,0,110,2,80,0,60,0,FALSE
"957","ribombee-totem",162,4,20,"ribombee","fairy","bug",124,2,70,0,95,0,60,0,55,0,60,0,FALSE
"958","rockruff-own-tempo",56,5,92,"rockruff","rock",NA,60,0,40,0,30,0,40,0,65,1,45,0,FALSE
"959","lycanroc-dusk",170,8,250,"lycanroc","rock",NA,110,0,65,0,55,0,65,0,117,2,75,0,FALSE
"960","araquanid-totem",159,31,2175,"araquanid","bug","water",42,0,132,2,50,0,92,0,70,0,68,0,FALSE
"961","togedemaru-totem",152,6,130,"togedemaru","steel","electric",96,0,73,0,40,0,63,0,98,2,65,0,FALSE
"962","necrozma-dusk",306,38,4600,"necrozma","steel","psychic",77,0,109,0,113,0,127,0,157,3,97,0,TRUE
"963","necrozma-dawn",306,42,3500,"necrozma","ghost","psychic",77,0,127,0,157,3,109,0,113,0,97,0,TRUE
"964","necrozma-ultra",339,75,2300,"necrozma","dragon","psychic",129,1,97,0,167,1,97,0,167,1,97,0,TRUE
